id,text,data,label,score,info
56641070484,麻痹的，骗子,麻痹 的 ， 骗子,1,0.9984069466590881,
56628889498,操你妈小编，这个标题上的图片说让农民发家致富了。而同样一个图片，在另一个标题中说的是，愁坏了果农，苹果卖不出去i。,操你妈 小编 ， 这个 标题 上 的 图片 说 让 农民 发家致富 了 。 而 同样 一个 图片 ， 在 另一个 标题 中说 的 是 ， 愁 坏 了 果农 ， 苹果 卖不出去 i 。,1,1.0,
56630578460,川普看三胖子 就小逼仔子 一天不够你得瑟的  拒签 就不给你面子,川普 看 三 胖子 就 小 逼 仔 子 一天 不够 你 得瑟 的   拒签 就 不 给你 面子,1,0.999853253364563,
56685630162,兄弟们，我有三甲医院的早泄证明，我先上，不耽误大家的时间！,兄弟们 ， 我 有 三甲医院 的 早泄 证明 ， 我 先 上 ， 不 耽误 大家 的 时间 ！,1,0.9990630745887756,
56625644424,我草 ，妹子胸是平的！,我 草 ， 妹子 胸 是 平 的 ！,1,0.9999971389770508,
56670395913,他就是这么干你的,他 就是 这么 干 你 的,1,0.36480000615119934,
56682883852,屁股真翘,屁股 真 翘,1,0.9731006026268005,
56628888141,我就想问一下，拖着另一个女人胸的，是男的女的。。。,我 就 想 问 一下 ， 拖 着 另一个 女人 胸 的 ， 是 男 的 女 的 。 。 。,1,0.9999943971633911,
56714954894,周烂货阳痿，娶老婆有个毛用。,周 烂货 阳痿 ， 娶 老婆 有 个 毛 用 。,1,0.9936679005622864,
56641741251,爽死了,爽死 了,1,0.2757343351840973,
56713530879,我总感觉同性恋都很脏，你想想啊，那个进入后面，天啊,我 总 感觉 同性恋 都 很脏 ， 你 想想 啊 ， 那个 进入 后面 ， 天啊,1,0.20852962136268616,
56698772496,这歌以前哥吹箫，单音,这歌 以前 哥 吹箫 ， 单音,1,0.9039347767829895,
56679208261,尼玛的叛逃韩国做鸡，真是奇葩,尼玛 的 叛逃 韩国 做 鸡 ， 真是 奇葩,1,0.845392107963562,
56647387032,有头脑才会这么说，愣的只会说你在打我一下试试，啪啪又是两巴掌，哎呀卧槽你还没完没了，你等我一会停车打死你，啪啪又是两巴掌，一脚急刹车司机过去就是两个电炮，然后泼妇你等着我报警，结果司机赔钱拘留！,有 头脑 才 会 这么 说 ， 愣 的 只会 说 你 在 打 我 一下 试试 ， 啪啪 又 是 两 巴掌 ， 哎呀 卧槽 你 还 没完没了 ， 你等 我 一会 停车 打死 你 ， 啪啪 又 是 两 巴掌 ， 一脚 急刹车 司机 过去 就是 两个 电炮 ， 然后 泼妇 你 等着我 报警 ， 结果 司机 赔钱 拘留 ！,1,0.7484362125396729,
56711967406,典型的抄袭文章，把老外的东西说成自己的，不要逼脸。,典型 的 抄袭 文章 ， 把 老外 的 东西 说 成 自己 的 ， 不要 逼 脸 。,1,0.999891996383667,
56703625047,太谷家就是好坑人们钱，都是些生儿子没屁眼，生女儿是妓女得些货。,太谷 家 就是 好 坑 人们 钱 ， 都 是 些 生 儿子 没 屁眼 ， 生 女儿 是 妓女 得 些 货 。,1,0.9999760389328003,
56667794670,这种女人，把她枪毙吗？好了。不用审判的就等于动物好了，交配一下嘛好了呀。那个什么老师啊，在动物世界里一直要讲的。,这种 女人 ， 把 她 枪毙 吗 ？ 好了 。 不用 审判 的 就 等于 动物 好了 ， 交配 一下 嘛 好了 呀 。 那个 什么 老师 啊 ， 在 动物世界 里 一直 要 讲 的 。,1,0.7478492259979248,
56679508369, 你是玩裸聊的吧,你 是 玩 裸聊 的 吧,1,0.998337984085083,
56690489871,狗日的,狗日的,1,0.38860079646110535,
56641860967,骨子里是个骚货 咬咬牙赶紧离了吧 否则后面给你绿帽子从头戴到脚 这种女人天生就是让野男人戳的货 毫无自尊可言,骨子 里 是 个 骚货 咬咬牙 赶紧 离 了 吧 否则 后面 给你 绿帽子 从头 戴 到 脚 这种 女人 天生 就是 让 野男人 戳 的 货 毫 无 自尊 可言,1,0.924636960029602,
56708091700,我也想试试。不开心，，，为什么这样子啊，，，，为什么看到宝宝是白虎就；冷落我啊。。。。二月二龙抬头,我 也 想 试试 。 不 开心 ， ， ， 为什么 这样子 啊 ， ， ， ， 为什么 看到 宝宝 是 白虎 就 ； 冷落 我 啊 。 。 。 。 二月二 龙抬头,1,0.12664934992790222,
56674028128,想骂人，这法律是哪个狗日的制定采纳的？难怪有钱人都愿意移民！,想 骂人 ， 这 法律 是 哪个 狗日的 制定 采纳 的 ？ 难怪 有钱人 都 愿意 移民 ！,1,0.19777226448059082,
56672616679,肯定是去见微友（男）的，被人家先奸后杀的,肯定 是 去 见 微友 （ 男 ） 的 ， 被 人 家 先奸后杀 的,1,0.43176230788230896,
56639495281,看到他狗日的不得好死我就放心了，敌人不可怕，最可怕的是汉奸叛徒。,看到 他 狗日的 不得好死 我 就 放心 了 ， 敌人 不 可怕 ， 最 可怕 的 是 汉奸 叛徒 。,1,0.20483532547950745,
56709381425,一群无耻的屌人,一群 无耻 的 屌 人,1,0.6230961680412292,
56714009655,神奇个毛，看尼玛个逼，三岁小孩都知道，,神奇 个 毛 ， 看 尼玛 个 逼 ， 三 岁 小孩 都 知道 ，,1,0.7635575532913208,
56705799903,买你麻痹，就想独吞,买 你 麻痹 ， 就 想 独吞,1,0.35650795698165894,
56650361249,使劲打，狗日的,使劲 打 ， 狗日的,1,0.45797765254974365,
56651560522,全是尼玛一群臭屌丝,全 是 尼玛 一群 臭 屌丝,1,0.4947200119495392,
56641058542,小便滚你妈逼的，别不懂装懂,小便 滚 你 妈 逼 的 ， 别 不懂装懂,1,0.9933731555938721,
56681476702,这帮狗日的吸血鬼,这 帮 狗日的 吸血鬼,1,0.3987671136856079,
56661347271,瞎鸡巴扯淡，哪里不能撒个尿？,瞎 鸡巴 扯淡 ， 哪里 不能 撒 个 尿 ？,1,0.9855526089668274,
56641624196,这些狗日的哪来的这么多钱,这些 狗日的 哪 来 的 这么 多 钱,1,0.3642567992210388,
56643772105,这个老逼又来了，长得跟保家仙是的,这个 老 逼 又 来了 ， 长得 跟 保家仙 是 的,1,0.29632243514060974,
56626913731,现在是大中华在牵制美国，小日本算个屌。,现在 是 大中华 在 牵制 美国 ， 小 日本 算 个 屌 。,1,0.2726064920425415,
56673396617,矫情个鸡巴，人类就是地球的癌细胞，如果你觉得自己有罪去死就可以了嘛，我感觉世界很美好。,矫情 个 鸡巴 ， 人类 就是 地球 的 癌细胞 ， 如果 你 觉得 自己 有罪 去死 就 可以 了 嘛 ， 我 感觉 世界 很 美好 。,1,0.9057176113128662,
56670136189,老骚,老骚,1,0.9208919405937195,
56627915570,看看吧，那些在床上工作的婊子们！,看看 吧 ， 那些 在 床上 工作 的 婊子 们 ！,1,0.652944028377533,
56682192710,没人联想到这东西像撸撸杯么？,没 人 联想 到 这 东西 像 撸撸杯 么 ？,1,0.31763091683387756,
56646142819,虾扯蛋都是,虾 扯蛋 都 是,1,0.280144065618515,
56641530336,奶小的普遍那方面都很强,奶 小 的 普遍 那 方面 都 很 强,1,0.8630486130714417,
56693385045,一天到晚要爱爱的，要抱抱的，闹心死了。,一天到晚 要 爱爱 的 ， 要抱抱 的 ， 闹心 死 了 。,1,0.9115237593650818,
56673407793,麻痹的，有种你们去拍啊！艹，这电视剧难道不好吗？都是二比青年，有种你们去装,麻痹 的 ， 有种 你们 去 拍 啊 ！ 艹 ， 这 电视剧 难道 不好 吗 ？ 都 是 二 比 青年 ， 有种 你们 去 装,1,0.9930140376091003,
56671129637,外国男人好多有恋童癖，喜欢与幼女XX，小女孩都被调教过了。在外国网站看过好多这类视频。,外国 男人 好多 有 恋童癖 ， 喜欢 与 幼女 XX ， 小 女孩 都 被 调教 过 了 。 在 外国 网站 看过 好多 这 类 视频 。,1,0.6493273377418518,
56694626357,给妓女快一样了,给 妓女 快 一样 了,1,0.9999996423721313,
56629076678,郑秀文瘦的和祖蓝一样型号的胸,郑秀文 瘦 的 和 祖蓝 一样 型号 的 胸,1,0.9999536275863647,
56649783537,胸破了,胸 破 了,1,0.9999722242355347,
56649710961,汉语是联合国通用语言之一，汉语丢人吗？那么个混娱乐圈的小逼崽子崇洋媚外瞎显摆。,汉语 是 联合国 通用 语言 之一 ， 汉语 丢人 吗 ？ 那么 个 混 娱乐圈 的 小 逼 崽子 崇洋媚外 瞎 显摆 。,1,0.999998927116394,
56675656901,小干一下,小 干 一下,1,0.3495132029056549,
56653735027,好坏也要打个分手炮吧,好坏 也 要 打 个 分手 炮 吧,1,0.9711284041404724,
56646994738,扯蛋,扯蛋,1,0.9987754225730896,
56695754354,我操你妈逼炸翻你妈灵车,我 操你妈 逼 炸 翻 你 妈灵车,1,1.0,
56697367653,有这时间你干身边这两骚娘们多好…,有 这 时间 你 干 身边 这 两 骚 娘们 多 好 …,1,1.0,
56643383613,海青胸真大,海青 胸 真 大,1,0.9999998807907104,
56655921032,磨豆腐吖磨吖磨豆腐,磨豆腐 吖 磨吖 磨豆腐,1,0.8683294057846069,
56636156306,只有我觉得女猪脚胸很大吗,只有我 觉得 女 猪脚 胸 很大 吗,1,1.0,
56686641686,真打的话泰森能一拳就夯死这逼,真 打的 话 泰森 能 一拳 就 夯 死 这 逼,1,0.9995724558830261,
56639898593,漂亮虽漂亮可哥日不到又有什么意思,漂亮 虽 漂亮 可 哥 日 不到 又 有 什么 意思,1,0.9998095631599426,
56679257785,一对姐妹鸡,一对 姐妹 鸡,1,0.40809524059295654,
56642210713,再去小日本旅游，我找条草狗日她全家，,再 去 小 日本 旅游 ， 我 找 条 草狗 日 她 全家 ，,1,0.9999998807907104,
56662219332,吹箫可好。,吹箫 可好 。,1,0.8337997198104858,
56642121253,这女的，外面没人的话我剁自己雀雀,这 女 的 ， 外面 没 人 的 话 我 剁 自己 雀雀,1,0.543537437915802,
56643290268,"还记得早前传的ip7的那吊炸天的设计吗？真机出来又是啥吊样？
真佩服这帮意淫的人。","还 记得 早前 传 的 ip7 的 那 吊 炸 天 的 设计 吗 ？ 真 机 出来 又 是 啥 吊 样 ？ 
 真 佩服 这 帮 意淫 的 人 。",1,0.999962568283081,
56641000451,哈哈，大哭一场，要是我在那里我直接脱裤子干他了！,哈哈 ， 大哭 一场 ， 要 是 我 在 那里 我 直接 脱裤子 干 他 了 ！,1,0.9979392886161804,
56713922141,强奸都排世界之首，日人！,强奸 都 排 世界 之 首 ， 日 人 ！,1,0.42114073038101196,
56638575527,挺大个逼岁数，尤其画外那个已经牵手的老年人还在装你妈的大尾巴狼啊,挺 大个 逼 岁数 ， 尤其 画外 那个 已经 牵手 的 老年人 还 在 装 你 妈 的 大尾巴狼 啊,1,0.9999986886978149,
56697256392,如何理解你妈的叫声,如何 理解 你 妈 的 叫声,1,0.48576757311820984,
56642297879,去非诚勿扰吧！ 非诚勿扰，全国最大的二手逼交易市场。没有鸡头赚差价，妓女多赚钱，嫖客少花钱。成立七年，性交易量遥遥领先。买二手逼，当然上非诚勿扰,去 非诚勿扰 吧 ！   非诚勿扰 ， 全国 最大 的 二手 逼 交易 市场 。 没有 鸡头 赚 差价 ， 妓女 多 赚钱 ， 嫖客 少 花钱 。 成立 七年 ， 性 交易量 遥遥领先 。 买 二手 逼 ， 当然 上 非诚勿扰,1,1.0,
56673768052,不要以为你胸大就可以为所欲为！,不要 以为 你 胸 大 就 可以 为所欲为 ！,1,1.0,
56690254196, 8000能日多少比她漂亮的了，,8000 能 日 多少 比 她 漂亮 的 了 ，,1,0.9921067953109741,
56639907878,马勒戈壁,马勒 戈壁,1,1.0,
56626476881,那么问题来了，那些说做鸡的因为生活所迫。是怎样的一种所迫？难道这些女孩就不知道那样来钱快？还是说人应该有最基本的自尊呢？,那么 问题 来了 ， 那些 说 做 鸡 的 因为 生活 所迫 。 是 怎样 的 一种 所迫 ？ 难道 这些 女孩 就 不 知道 那样 来 钱 快 ？ 还 是 说 人 应该 有 最 基本 的 自尊 呢 ？,1,0.9506798386573792,
56664790521,byd =逼样的,byd = 逼 样 的,1,0.9948825836181641,
56625362821,男人骚起来就没女人什么事了,男人 骚 起来 就 没 女人 什么 事 了,1,0.9690167903900146,
56679586212,槽尼玛了个比的zf,槽 尼玛 了 个 比 的 zf,1,0.9198521375656128,
56684447248,房地产泡沫就像女人的海绵胸罩，看着摇摇欲坠只有一根细线拉着，有人做梦都想它掉下来，但关键时刻总有一只大手将其拖住,房地产泡沫 就 像 女人 的 海绵 胸罩 ， 看着 摇摇欲坠 只有 一根 细线 拉 着 ， 有 人 做梦 都 想 它 掉下来 ， 但 关键 时刻 总有 一 只 大手 将 其 拖住,1,0.9349650144577026,
56639825279,他什么时候说 没他不行了小编  你妈逼的整天放屁～,他 什么 时候 说 没 他 不 行了 小编   你 妈 逼 的 整天 放 屁～,1,0.9999969005584717,
56698984644,开飞机的遇到打飞机的，再扯也得栽啊,开飞机 的 遇到 打飞机 的 ， 再 扯 也 得 栽 啊,1,0.9997633099555969,
56712058917,日尼玛的评委，说话喜欢带刺？,日 尼玛 的 评委 ， 说话 喜欢 带刺 ？,1,0.9933376312255859,
56660299124,把所长老婆强奸了。,把 所长 老婆 强奸 了 。,1,0.6765735149383545,
56690517855,中国现在就落个逼嘴历害。,中国 现在 就 落 个 逼 嘴 历害 。,1,0.9999843835830688,
56657027986,城管都是妓女养的,城管 都 是 妓女 养 的,1,0.9999978542327881,
56685063447,马云就是狗日的，这样搞就看不起农民工，马上删除支付宝永远不用，再也不进去购物，780芝麻分，我都不用了，马云留给你自己用吧，京东走起，删除支付宝,马云 就是 狗日的 ， 这样 搞 就 看不起 农民工 ， 马上 删除 支付宝 永远 不用 ， 再也 不 进去 购物 ， 780 芝麻 分 ， 我 都 不用 了 ， 马云 留 给你 自己 用 吧 ， 京东 走起 ， 删除 支付宝,1,0.9999254941940308,
56640215913,这女的去别的城市当保健按摩的卖淫女。,这 女 的 去 别的 城市 当 保健 按摩 的 卖淫女 。,1,0.20059536397457123,
56686442738,老是这个逼,老是 这个 逼,1,0.9997153878211975,
56683699064,扯蛋！,扯蛋 ！,1,0.9989089965820312,
56639680103,女孩子都是骚货,女孩子 都 是 骚货,1,0.999984860420227,
56664301933,老逼崽子,老 逼 崽子,1,0.999998927116394,
56634844804,赵的淫棍老公就算了吧。常常被打得呵呵(^_^),赵 的 淫棍 老公 就 算了吧 。 常常 被 打得 呵呵 ( ^ _ ^ ),1,0.9842448830604553,
56710599858,柚子逼,柚子 逼,1,0.8834203481674194,
56692887649,就我看到封面的屁股才进来的吗,就 我 看到 封面 的 屁股 才 进来 的 吗,1,0.8935937881469727,
56701398989,狗日的日本、把日本抹去、杀光这些杂碎的畜牲……,狗日的 日本 、 把 日本 抹去 、 杀光 这些 杂碎 的 畜牲 … …,1,0.9999849796295166,
56698562225,这个女人有点骚,这个 女人 有点 骚,1,0.9960008263587952,
56664005081,政府！政府！政府！草泥马小便政府！当地居民就是饿死政府会多看你一眼？别你妈开口就是政府！,政府 ！ 政府 ！ 政府 ！ 草泥马 小便 政府 ！ 当地 居民 就是 饿死 政府 会 多看 你 一眼 ？ 别 你 妈 开口 就是 政府 ！,1,0.8240150809288025,
56668140761,狗日死婆娘，坐了一车的人好危险！,狗 日 死婆娘 ， 坐 了 一 车 的 人 好 危险 ！,1,0.999997615814209,
56636290449,能换着玩女人的都是这类人。,能 换 着 玩 女人 的 都 是 这 类人 。,1,0.4899193048477173,
56647965207,这个狗日的，明明知道多少钱，故意炫耀,这个 狗日的 ， 明明 知道 多少 钱 ， 故意 炫耀,1,0.9999942779541016,
56710469342,瞎鸡巴扯淡。如果真这样。他一个人就可以吧关外的清朝灭了。,瞎 鸡巴 扯淡 。 如果 真 这样 。 他 一个 人 就 可以 吧 关外 的 清朝 灭 了 。,1,1.0,
56625764419,马勒戈壁。畜生来了，开始从穷人手里抢钱了。马勒戈壁。,马勒 戈壁 。 畜生 来了 ， 开始 从 穷人 手 里 抢 钱 了 。 马勒 戈壁 。,1,1.0,
56656448019,还是深喉，太重口味了﹋o﹋,还 是 深喉 ， 太 重口味 了 ﹋ o﹋,1,0.3320786952972412,
56694684685,撞死这伙狗日的,撞死 这伙 狗日的,1,0.9999935626983643,
56661973010,大波妹,大波妹,1,0.5657386183738708,
56646657810,你妈卖逼超过美国了。一天到晚有没有实话。满嘴的谎话。,你 妈 卖 逼 超过 美国 了 。 一天到晚 有没有 实话 。 满嘴 的 谎话 。,1,0.9999992847442627,
56715214480,我去，那身材，那声音，那走路的样子，我真是醉了，看不出来吗，哈哈哈，还有一个把人家屁股都给摸了😂😂😂,我 去 ， 那 身材 ， 那 声音 ， 那 走路 的 样子 ， 我 真是 醉 了 ， 看 不 出来 吗 ， 哈哈哈 ， 还有 一个 把 人 家 屁股 都 给 摸 了 😂 😂 😂,1,0.140543133020401,
56645162001,张翰：我打大雕早已饥渴难耐,张翰 ： 我 打 大雕 早已 饥渴 难耐,1,0.9586635231971741,
56637768024,经典的一句话：把你按在床上，看你怎么装清纯！,经典 的 一句话 ： 把 你 按 在 床上 ， 看 你 怎么 装清纯 ！,1,0.5368356108665466,
56645036136,找中国小伙日死你！呵呵,找 中国 小伙 日 死 你 ！ 呵呵,1,0.9999710321426392,
56658535791,无能的国家领导，南海是我们中国的不用和外国狗日的商量,无能 的 国家 领导 ， 南海 是 我们 中国 的 不用 和 外国 狗日的 商量,1,0.9980923533439636,
56650620180,就怕让你生不如死或者欲仙欲死,就 怕 让 你 生不如死 或者 欲仙欲死,1,0.6097624897956848,
56700532437,这些日狗的女司机，他妈驾照是睡出来的吧！😂😂😂,这些 日 狗 的 女司机 ， 他 妈 驾照 是 睡 出来 的 吧 ！ 😂 😂 😂,1,0.923033595085144,
56693932031,妈的逼，那些该死的哈韩簇也该醒醒了，你们送去的钱就是杀死你自己的炮弹，就是汉奸，应该全面封杀南朝鲜,妈 的 逼 ， 那些 该死的 哈韩簇 也 该 醒醒 了 ， 你们 送去 的 钱 就是 杀死 你 自己 的 炮弹 ， 就是 汉奸 ， 应该 全面 封杀 南朝鲜,1,0.9823498725891113,
56652268931,在手机软件（见用户名）下单认识了一个女生，女生讲她见过一个男的友包皮巨长，长到什么程度呢，据丫自己说，施工的时候把前面打个结，可以把套套都省了，完工后解开放水即可，真环保！,在 手机软件 （ 见 用户名 ） 下单 认识 了 一个 女生 ， 女生 讲 她 见 过 一个 男 的 友 包皮 巨 长 ， 长 到 什么 程度 呢 ， 据 丫 自己 说 ， 施工 的 时候 把 前面 打 个 结 ， 可以 把 套套 都 省 了 ， 完工 后 解开 放水 即可 ， 真 环保 ！,1,0.8492381572723389,
56655532067,白皮猪是伪君子，黑吊是真小人……,白皮猪 是 伪君子 ， 黑 吊 是 真小人 … …,1,0.6339395046234131,
56680551417,蔡老板一伸手，我TM还以为要朝胸去的！,蔡 老板 一 伸手 ， 我 TM 还 以为 要 朝 胸 去 的 ！,1,0.9996742010116577,
56653218714,都是外地逼，现在北京已经开始清理了，都回家吧，求你们了,都 是 外地 逼 ， 现在 北京 已经 开始 清理 了 ， 都 回家 吧 ， 求 你们 了,1,0.5720831751823425,
56655959001,就是麻痹胆小的一比,就是 麻痹 胆小 的 一比,1,0.9712015986442566,
56690201178,为什么听到韩语日语就石更了,为什么 听到 韩语 日语 就 石 更 了,1,0.9080891609191895,
56640171351,全台獨狗逼拉出來公審,全 台獨 狗 逼 拉出來 公審,1,0.9999688863754272,
56626333335,1111还在用手？我是在校生，刚刚用保健店买的玩具，两条腿都站不直了，明天谁能带我出去玩玩，活好是重点。哥哥 vv,1111 还 在用 手 ？ 我 是 在校生 ， 刚刚 用 保健 店 买 的 玩具 ， 两条腿 都 站 不 直 了 ， 明天 谁 能带 我 出去 玩玩 ， 活 好 是 重点 。 哥哥 vv,1,0.059876538813114166,
56687247270,珍惜生命，远离丽江。可怕的不是打人，而是政府部门不作为，尤其是这些狗日的官员。,珍惜 生命 ， 远离 丽江 。 可怕 的 不是 打人 ， 而是 政府部门 不作为 ， 尤其 是 这些 狗日的 官员 。,1,0.998996913433075,
56693596152,滚蛋 扰乱民心小编 妈个比的  什么玩意儿,滚蛋 扰乱 民心 小编 妈 个 比 的   什么 玩意儿,1,0.9809725284576416,
56675533437,活该！骚货的代价。你的父母白养了你这个狼心狗肺的畜牲。,活该 ！ 骚货 的 代价 。 你 的 父母 白养 了 你 这个 狼心狗肺 的 畜牲 。,1,0.9995337724685669,
56691295886,补帖都让那些狗日的村干部贪污了，,补 帖 都 让 那些 狗日的 村干部 贪污 了 ，,1,0.9999392032623291,
56700687307,一万家最好！！！证监会我操你妈,一万 家 最好 ！ ！ ！ 证监会 我 操你妈,1,1.0,
56676980550,交警他马勒戈壁扣车，，就是最大的比比。。有保险单子，扣你妈车干什么。。不就是为了拖车费和停车费吗。。,交警 他 马勒 戈壁 扣 车 ， ， 就是 最大 的 比比 。 。 有 保险 单子 ， 扣 你 妈 车 干什么 。 。 不 就是 为了 拖车费 和 停车费 吗 。 。,1,1.0,
56654883440,马勒戈壁,马勒 戈壁,1,1.0,
56709604728,那个找美女的胸好假，赛的是海绵吗？,那个 找 美女 的 胸 好 假 ， 赛 的 是 海绵 吗 ？,1,0.9999995231628418,
56639729718,给你们发个老攻，保证你们3天下不了床(＊￣︶￣＊),给你 们 发 个 老 攻 ， 保证 你们 3天 下 不了 床 ( ＊ ￣ ︶ ￣ ＊ ),1,0.2119583785533905,
56654669276,逼是一样的逼，脸上分高低,逼 是 一样 的 逼 ， 脸上 分 高低,1,0.9821475744247437,
56670466805,他娘那个逼的，天天吹平型关大捷，天天吹牛逼抗日。看看现在的中国除了土匪就是土匪的后代,他娘 那个 逼 的 ， 天天 吹 平型关大捷 ， 天天 吹牛 逼 抗日 。 看看 现在 的 中国 除了 土匪 就是 土匪 的 后代,1,0.9898255467414856,
56625515597,李小璐胸真大,李小璐 胸 真 大,1,1.0,
56687625921,尼玛逼，小编,尼玛逼 ， 小编,1,0.9651163816452026,
56640930394,又是屁股有毒，快闪。,又 是 屁股 有毒 ， 快闪 。,1,0.4749451279640198,
56692351479,娘们pp真大,娘们 pp 真 大,1,0.9999992847442627,
56709075171,艹就艹了，干嘛还要投降，艹完就跑,艹 就 艹 了 ， 干嘛 还要 投降 ， 艹 完就 跑,1,0.8684383630752563,
56656411856,鹅蛋脸，石更了,鹅蛋脸 ， 石 更 了,1,0.9355607032775879,
56655928845,你麻痹的……,你 麻痹 的 … …,1,0.9973496198654175,
56713458866,那个腿的主人一定是个少妇。,那个 腿 的 主人 一定 是 个 少妇 。,1,0.3886622488498688,
56702305931,中国的法律怎么不查到小地方派出所、那些狗日的地方警察象王这种多得是。,中国 的 法律 怎么 不 查到 小 地方 派出所 、 那些 狗日的 地方 警察 象王 这种 多得 是 。,1,0.999782383441925,
56706237759,晚上摩擦生热，不会冷的,晚上 摩擦 生热 ， 不会 冷 的,1,0.6653128862380981,
56653105648,整天报道大妓院的烂事 滚,整天 报道 大 妓院 的 烂 事 滚,1,0.9912927746772766,
56675396880,没胸没屁股的千万不要模仿,没 胸 没 屁股 的 千万 不要 模仿,1,0.9999085664749146,
56706796722,最喜欢她的叫声,最 喜欢 她 的 叫声,1,0.2981899678707123,
56657363740,老说没有用的现在就吧她干了。,老 说 没有 用 的 现在 就 吧 她 干了 。,1,0.13206636905670166,
56690473372,好屁股，喜欢。,好 屁股 ， 喜欢 。,1,0.50169837474823,
56690926101,这逼果然变了😁,这 逼 果然 变 了 😁,1,0.6959119439125061,
56681355827,mmp，你就扯嘛，我就静静看你扯,mmp ， 你 就 扯 嘛 ， 我 就 静静 看 你 扯,1,0.9978610873222351,
56708942246,"有没有喜欢少妇的，喜欢的点个赞，看看有多少？
",有没有 喜欢 少妇 的 ， 喜欢 的 点 个 赞 ， 看看 有 多少 ？,1,0.5450888872146606,
56657906370,吃逼亏，上逼当，最后“死”在逼身上！,吃 逼 亏 ， 上 逼当 ， 最后 “ 死 ” 在 逼 身上 ！,1,0.8711434602737427,
56706212446,该去的还会去，没逼脸，国人若心齐全都抵制韩货，抵制韩国影视明星，不去韩国旅游，用不了三个月，韩国就得派代表团来中国要饭，不用国家制裁，民间制裁都致死它，高癞棒子,该 去 的 还 会 去 ， 没 逼 脸 ， 国人 若 心 齐全 都 抵制 韩 货 ， 抵制 韩国 影视明星 ， 不 去 韩国 旅游 ， 用 不了 三个 月 ， 韩国 就得 派 代表团 来 中国 要饭 ， 不用 国家 制裁 ， 民间 制裁 都 致死 它 ， 高癞 棒子,1,0.5595215559005737,
56702929314,这两个畜牲该杀，遗憾的是还活了一个，等出狱在把他杀了，让那狗日的先活几天，,这 两个 畜牲 该 杀 ， 遗憾 的 是 还 活 了 一个 ， 等 出狱 在 把 他杀 了 ， 让 那 狗日的 先 活 几天 ，,1,0.17425797879695892,
56639176143,又是这帮破鞋上头条，小编以后把这帮破鞋的消息拉黑吧，眼不看心,又 是 这 帮 破鞋 上 头条 ， 小编 以后 把 这 帮 破鞋 的 消息 拉黑 吧 ， 眼不看心,1,0.8830710649490356,
56676469149,那个少妇，让我来顶！,那个 少妇 ， 让 我 来 顶 ！,1,0.735727846622467,
56710599528,哪些狗日的哈韩一族呢，看看吧，要打你老家了，脑残的韩粉,哪些 狗日的 哈韩 一族 呢 ， 看看 吧 ， 要 打 你 老家 了 ， 脑残 的 韩粉,1,0.09465140104293823,
56642598495,扯蛋,扯蛋,1,0.29768049716949463,
56692550572,一直想不懂为什么saber的这种姿势，难得是某种xing暗示。。,一直 想 不 懂 为什么 saber 的 这种 姿势 ， 难得 是 某 种 xing 暗示 。 。,1,0.8004500865936279,
56704736673,小便沃日你妹的屁眼，换个标题又发一遍,小便 沃 日 你妹 的 屁眼 ， 换 个 标题 又 发 一遍,1,0.9795660376548767,
56666300835,我喜欢涂磊的卖弄风骚 真好,我 喜欢 涂磊 的 卖弄风骚 真好,1,0.3470870554447174,
56705948079,这群狗日的就知道欺负老百姓啊,这 群 狗日的 就 知道 欺负 老百姓 啊,1,0.24003921449184418,
56696575894,孕妇日起最舒服……,孕妇 日 起 最 舒服 … …,1,0.591188907623291,
56677404696,把狗日的城管全塞进去给烧了，同意的顶起，喷我的都是城管的后代杂碎,把 狗日的 城管 全 塞进 去 给 烧 了 ， 同意 的 顶 起 ， 喷 我 的 都 是 城管 的 后代 杂碎,1,0.3202115297317505,
56695895432,说唱的好我不否认可是比JJ好不见得，君不见还有个叫调音师的职业么。,说唱 的 好 我 不 否认 可是 比 JJ 好 不见得 ， 君不见 还有 个 叫 调音师 的 职业么 。,1,0.9701362252235413,
56670700697,这妹子是口活玩多了？怎么把嘴累什么这个鬼样子,这 妹子 是 口 活 玩 多 了 ？ 怎么 把 嘴 累 什么 这个 鬼 样子,1,0.9991612434387207,
56640723018,尼玛，能不老拍那个红色胸罩吗？看个节目老是胸罩胸罩的，真烦人。,尼玛 ， 能不 老 拍 那个 红色 胸罩 吗 ？ 看 个 节目 老是 胸罩 胸罩 的 ， 真烦人 。,1,0.8876925110816956,
56699613524,他妈逼的！哪个吃多了没事干……,他 妈 逼 的 ！ 哪个 吃 多 了 没事 干… …,1,0.999991774559021,
56642153117,四十天扔下孩子，这娘们够狠,四十 天 扔下 孩子 ， 这 娘们 够 狠,1,0.9999799728393555,
56646439678,柏芝倾城貌羞花，与艳照门无关。,柏芝 倾城 貌 羞花 ， 与 艳照门 无关 。,1,0.5176187753677368,
56707613395,看见每个假唱的歌手都是被脱光衣服扔台上的小丑。,看见 每个 假唱 的 歌手 都 是 被 脱光 衣服 扔 台上 的 小丑 。,1,0.6945956349372864,
56667067315,怪不得印度贫民窟的孩子这么多，蛋蛋吃多了……,怪不得 印度 贫民窟 的 孩子 这么 多 ， 蛋蛋 吃 多 了 … …,1,0.09657932817935944,
56700621369,不要让日本杂种专了空子，来破坏捣乱。警察往死里整狗日的。,不要 让 日本 杂种 专 了 空子 ， 来 破坏 捣乱 。 警察 往 死 里 整 狗日的 。,1,0.9999971389770508,
56698559009,闫军，我操你妈！你是近亲的产物吗？,闫军 ， 我 操你妈 ！ 你 是 近亲 的 产物 吗 ？,1,1.0,
56641867657,一个老虎逼娘们,一个 老虎 逼 娘们,1,1.0,
56669009297,狗日的山顶那些奸商尼玛逼的利润调的那么高，专坑游客，如果说要从山下背到山顶出运费那个没话说，可是没想到给做苦力的大叔背一公斤才一块钱不到，挣昧良心钱的一群狗东西那天山上摔下来死了才好。,狗日的 山顶 那些 奸商 尼玛逼 的 利润 调 的 那么 高 ， 专 坑 游客 ， 如果 说 要 从 山下 背到 山顶 出 运费 那个 没话说 ， 可是 没 想到 给 做 苦力 的 大叔 背 一 公斤 才 一块 钱 不到 ， 挣 昧良心 钱 的 一群 狗东西 那天 山 上 摔 下来 死 了 才 好 。,1,0.9999912977218628,
56676893519,虽然美国政客比妓女都龌龊，但看到日本，韩国，台湾省，美国政客就是牛B，它能控制自己想要的结果。,虽然 美国 政客 比 妓女 都 龌龊 ， 但 看到 日本 ， 韩国 ， 台湾省 ， 美国 政客 就是 牛B ， 它 能 控制 自己 想要 的 结果 。,1,0.9999990463256836,
56641682000,淫妇,淫妇,1,0.9123061895370483,
56687787286,这个小编他妈肯定马上死了，还美媒你妈勒戈壁,这个 小编 他 妈 肯定 马上 死 了 ， 还 美 媒 你 妈勒 戈壁,1,0.9999978542327881,
56646010477,混合动力车北京不算新能源汽车！北京的市政府脑子奶子都被驴踢了！,混合 动力车 北京 不算 新 能源 汽车 ！ 北京 的 市政府 脑子 奶子 都 被 驴 踢 了 ！,1,1.0,
56626977575,杀了这狗日的,杀 了 这 狗日的,1,0.9999983310699463,
56694634150,这一群大腚，来吧我都收了,这 一群 大腚 ， 来吧 我 都 收 了,1,0.8713939189910889,
56708030160,楼下的人笑你麻痹，幸灾乐祸不是好东西,楼下的 人 笑 你 麻痹 ， 幸灾乐祸 不是 好东西,1,0.9609141945838928,
56652427352,最后图那花裙子里的大屁股,最后 图 那 花 裙子 里 的 大 屁股,1,0.8873604536056519,
56640308202,没觉得多大胸,没 觉得 多大 胸,1,0.9999972581863403,
56703004427,整天开着挂，还来头条装逼，草你个嘴！,整天 开 着 挂 ， 还来 头条 装 逼 ， 草 你 个 嘴 ！,1,0.9968239068984985,
56707679700,我也想试试。不开心，，，为什么这样子啊，，，，为什么看到宝宝是白虎就；冷落我啊。。。。二月二龙抬头俯瞰风景,我 也 想 试试 。 不 开心 ， ， ， 为什么 这样子 啊 ， ， ， ， 为什么 看到 宝宝 是 白虎 就 ； 冷落 我 啊 。 。 。 。 二月二 龙抬头 俯瞰 风景,1,0.4015260338783264,
56640324395,别上车了，上床吧,别上 车 了 ， 上床 吧,1,0.6017244458198547,
56687466908, 今天出去吃饭走在街边被楼上的倒水狗日的,今天 出去 吃饭 走 在 街边 被 楼上的 倒水 狗日的,1,0.999992847442627,
56714414137,日你妈卖批的，等小米平板三等的心都碎了，天天跑火车，咋不上天呢，,日 你 妈 卖 批 的 ， 等 小米 平板 三等 的 心 都 碎 了 ， 天天 跑 火车 ， 咋 不上 天 呢 ，,1,0.9999998807907104,
56668877126,宝宝上头条，你懂的啦，宝宝上头条你不顶一下吗？顶姐下面也可以。,宝宝 上 头条 ， 你懂的 啦 ， 宝宝 上 头条 你 不 顶 一下 吗 ？ 顶姐 下面 也 可以 。,1,0.3923550844192505,
56641788964,一想到要被赵又廷压在身下，,一 想到 要 被 赵又廷 压 在 身下 ，,1,0.9720888733863831,
56652360078,好胸！,好 胸 ！,1,0.9999990463256836,
56688117021,光抗议有吊用!光说不练假巴式,光 抗议 有 吊 用 ! 光说不练 假巴式,1,0.9933085441589355,
56642056764,天天你妈逼的走火，你倒是让我们看看咋走火,天天 你 妈 逼 的 走火 ， 你 倒是 让 我们 看看 咋 走火,1,0.9999924898147583,
56650115202,那英大骚逼,那英 大骚逼,1,0.9144891500473022,
56648019315,你以为现在的中国还比以前的中国，你来试试，操你小日本的祖宗280代。,你 以为 现在 的 中国 还 比 以前 的 中国 ， 你来 试试 ， 操 你 小 日本 的 祖宗 280 代 。,1,0.9996545314788818,
56691705915,你的奶好美,你 的 奶 好美,1,0.9052926301956177,
56691411822,少妇，辣妈最有味道了。,少妇 ， 辣妈 最 有 味道 了 。,1,0.19202911853790283,
56694267902,辣阴呢,辣阴 呢,1,0.6521402597427368,
56672580705,人家都排队你非要插队，人家不让你你还要横冲直撞，下车一脸闷逼还以为有多狠呢！,人 家 都 排队 你 非要 插队 ， 人 家 不让 你 你 还要 横冲直撞 ， 下车 一脸 闷逼 还 以为 有 多 狠 呢 ！,1,0.2237330973148346,
56651142986,那英算什么东西，老鸡婆。你小编。,那英 算什么 东西 ， 老 鸡婆 。 你 小编 。,1,0.9971976280212402,
56649671267,你懂你麻痹,你 懂你 麻痹,1,0.9978237152099609,
56639544590,第二张左下角，你去中央公园穿比基尼还不带胸罩的？,第二 张 左下角 ， 你 去 中央公园 穿 比基尼 还 不 带 胸罩 的 ？,1,0.8992642760276794,
56703618211,我和她做愛一直都很不错，可是看了网上 恩梅的过去  以后媳妇给我买了个充气娃娃，她说她一个人应付不了了,我 和 她 做愛 一直 都 很 不错 ， 可是 看 了 网上 恩梅 的 过去   以后 媳妇 给 我 买 了 个 充气娃娃 ， 她说 她 一个 人 应付 不了 了,1,0.9991050362586975,
56687894614,骚气太重……,骚气 太 重… …,1,0.8530832529067993,
56674693233,蜡烛…豹纹…皮鞭，真浪漫,蜡烛 … 豹纹 … 皮鞭 ， 真 浪漫,1,0.1279146522283554,
56648075191,你麻痹的P图,你 麻痹 的 P图,1,0.9974684715270996,
56652029931,女用性药吧,女用 性药 吧,1,0.9999988079071045,
56641875644,地球的小穴,地球 的 小穴,1,0.76288241147995,
56685512159,尻你妈骗爷,尻 你 妈 骗爷,1,0.9942197799682617,
56626614605,在深圳没有处女！,在 深圳 没有 处女 ！,1,0.4499562978744507,
56643364341,韩大软一到季候赛就完b，到手的篮板球却拿不住，怨别人吗？,韩 大 软 一 到 季候赛 就 完 b ， 到手 的 篮板球 却 拿不住 ， 怨 别人 吗 ？,1,0.9980034232139587,
56648260474,瘦男生的腹肌__胖女生的大胸,瘦 男生 的 腹肌 __ 胖 女生 的 大 胸,1,0.9999979734420776,
56684169832,打一炮就不要联系,打 一 炮 就 不要 联系,1,0.9699723720550537,
56705870893,美你麻痹,美 你 麻痹,1,0.998749852180481,
56648592024,操你妹，小编，少在这妖言惑众，诅咒老子。,操 你妹 ， 小编 ， 少 在 这 妖言惑众 ， 诅咒 老子 。,1,0.9941980838775635,
56646246137,把蛋蛋都割了,把 蛋蛋 都 割 了,1,0.821049690246582,
56649077154,真能让他恶心死。你说男的睡一起就不嫌有味,真能 让 他 恶心 死 。 你说 男 的 睡 一起 就 不 嫌 有味,1,0.27231326699256897,
56698025724,我24小时舔杨幂臭脚,我 24小时 舔 杨幂 臭脚,1,0.48494023084640503,
56649822297,柴静一样夹紧逼跑美国生女,柴静 一样 夹紧 逼 跑 美国 生 女,1,0.9978154897689819,
56674524746,把她的胸打到变形，甚至爆炸！我的天，还有脸说了，,把 她 的 胸 打到 变形 ， 甚至 爆炸 ！ 我的天 ， 还有 脸 说了 ，,1,0.9999884366989136,
56671758933,笨那逼样 太监相,笨 那 逼 样 太监 相,1,0.9998857975006104,
56683613023,玛德，看的我无耻的硬了。,玛德 ， 看 的 我 无耻 的 硬 了 。,1,0.8602282404899597,
56684392332,你这个胸啊😱,你 这个 胸 啊 😱,1,0.999998927116394,
56692330938,这娘们藏了俩球,这 娘们 藏 了 俩 球,1,0.9999886751174927,
56655154649,这配音，一边被干，一边配音,这 配音 ， 一边 被 干 ， 一边 配音,1,0.1458234041929245,
56627034955,中国人狗比 ,中国 人 狗 比,1,0.979127824306488,
56651763237,材大器粗、一步到胃、货从口出、我说的是驴！,材大器 粗 、 一步到胃 、 货 从 口 出 、 我 说 的 是 驴 ！,1,0.9924982190132141,
56714710076,麻痹！一看就知道是日本鬼子干的缺德事,麻痹 ！ 一 看 就 知道 是 日本鬼子 干 的 缺德事,1,0.9830979704856873,
56665941974,不要脸，偷油致死还要求赔偿，操你妈，,不要脸 ， 偷油 致死 还 要求 赔偿 ， 操你妈 ，,1,1.0,
56645755045,日你妈的明明是十好不好，老子的五块钱！,日 你 妈 的 明明 是 十 好不好 ， 老子 的 五 块 钱 ！,1,0.3840979337692261,
56630923595,大波姐,大波 姐,1,0.4877093732357025,
56647051490,波涛胸涌的波，波涛胸涌的胸…,波涛 胸涌 的 波 ， 波涛 胸涌 的 胸…,1,0.9999984502792358,
56647336400,有屌用，还没有落就炸了，中国军队要与时俱进，,有 屌用 ， 还 没有 落 就 炸 了 ， 中国 军队 要 与时俱进 ，,1,0.9317179322242737,
56697701847,阳痿有办法解决,阳痿 有 办法 解决,1,0.7717757821083069,
56712794420,大家有试过车震，车震打开天窗,大家 有 试过 车震 ， 车震 打开 天窗,1,1.0,
56696974589,去澳洲旅游就被带到这家餐馆吃饭。贼jb贵，服务员态度还很恶劣!给澳洲人做的都是新鲜的，国人去明显就是临时工做的!辣鸡。为什么卖的那么好?市长是他的学徒，用钱打通旅游局，赚中国人的钱!,去 澳洲 旅游 就 被 带到 这 家 餐馆 吃饭 。 贼 jb 贵 ， 服务员 态度 还 很 恶劣 ! 给 澳洲人 做 的 都 是 新鲜 的 ， 国人 去 明显 就是 临时工 做 的 ! 辣 鸡 。 为什么 卖 的 那么 好 ? 市长 是 他 的 学徒 ， 用钱 打通 旅游局 ， 赚 中国 人 的 钱 !,1,1.0,
56680066060,破鞋玩意,破鞋 玩意,1,0.997795820236206,
56704338453,想野战，求组排。,想 野战 ， 求 组 排 。,1,0.9763602614402771,
56706128879,玩逆战就和逛窑子一样。全是胸大屁股翘的。,玩逆战 就和 逛窑子 一样 。 全 是 胸 大 屁股 翘 的 。,1,0.9999970197677612,
56637280577,日本鬼子爱搞偷袭，要时刻提防着他狗日的！,日本鬼子 爱 搞 偷袭 ， 要 时刻 提防 着 他 狗日的 ！,1,0.29287582635879517,
56690687091,既然没办法说服，那就睡服他！,既然 没 办法 说服 ， 那 就 睡服 他 ！,1,0.17882034182548523,
56640785929,最好是被人奸一次再回来,最好 是 被 人 奸 一次 再 回来,1,0.4834953844547272,
56681493242,那个女人，没看到胸。,那个 女人 ， 没 看到 胸 。,1,0.9825778603553772,
56666770364,这胸一看就是硅胶的,这 胸 一 看 就是 硅胶 的,1,0.963018536567688,
56642946613,先奸后杀,先奸后杀,1,0.4127037823200226,
56634890646,广电总局我有一句MMP 不知当讲不当讲,广电总局 我 有 一句 MMP 不 知 当 讲 不当 讲,1,0.9995666146278381,
56707448478,我给你们都点赞，因为我们是中国人，狗日的小日本,我 给你 们 都 点赞 ， 因为 我们 是 中国 人 ， 狗日的 小 日本,1,0.18436795473098755,
56675114000,操蛋的人生，操蛋的法院，这是啥世道,操蛋 的 人生 ， 操蛋 的 法院 ， 这 是 啥 世道,1,0.09638561308383942,
56646245346,我看到的是性福，滿滿的,我 看到 的 是 性福 ， 滿滿 的,1,0.9763891100883484,
56692083303,还能不能再骚点,还 能不能 再 骚 点,1,0.8715439438819885,
56684104210,有屌用,有 屌用,1,0.21999727189540863,
56709101939,承担个JB，天天都是人家承担，最好还是乖乖的俯首称臣,承担 个 JB ， 天天 都 是 人 家 承担 ， 最好 还 是 乖乖 的 俯首称臣,1,0.9999561309814453,
56706798675,梦遗大湿也在啊,梦遗 大 湿 也 在 啊,1,0.47734811902046204,
56646065589,国几都没有吊用，狗屁专家骗国家的经费才是真的,国 几 都 没有 吊 用 ， 狗屁 专家 骗 国家 的 经费 才 是 真 的,1,0.24499186873435974,
56647979247,这个故事告诉我们在远古时候就已经搞人兽了。,这个 故事 告诉 我们 在 远 古时候 就 已经 搞 人兽 了 。,1,0.2579636573791504,
56664956568,我有医院开的早泄证明，让我先来。,我 有 医院 开 的 早泄 证明 ， 让 我 先来 。,1,0.9281061887741089,
56646183224,别说了，把生殖器给它割掉篔了。,别说 了 ， 把 生殖器 给 它 割掉 篔 了 。,1,0.8660449981689453,
56690838951,强中手你个杂种是狗比养的吧？,强 中 手 你 个 杂种 是 狗 比 养 的 吧 ？,1,0.5793002843856812,
56707517455,来过二手车交易市场女人孟瑶的波最丰满,来 过 二手车 交易 市场 女人 孟瑶 的 波 最 丰满,1,0.45189446210861206,
56638233279,这爷俩儿，小的吃老鸡;老的吃嫩，嫩鸡不塞牙，老鸡不打滑，绝了。,这 爷俩儿 ， 小 的 吃 老 鸡 ; 老 的 吃 嫩 ， 嫩鸡 不 塞牙 ， 老 鸡 不 打滑 ， 绝 了 。,1,0.7655856013298035,
56645681780,将欠他钱的三个无懒告上法庭，判这三个狗日的刑事罪，给天下老懒警示，不然这个社会老懒太横行了，社会风气无法挽救。,将 欠 他 钱 的 三个 无 懒 告上 法庭 ， 判 这 三个 狗日的 刑事罪 ， 给 天下 老 懒 警示 ， 不然 这个 社会 老 懒 太 横行 了 ， 社会 风气 无法 挽救 。,1,0.11828657984733582,
56638309308,年年挣jb！,年年 挣 jb ！,1,0.9240670800209045,
56693781325,死狗日的   死法官   赖学校    自己猝死还赖学校    不正当搞钱    死全家,死 狗日的     死 法官     赖 学校       自己 猝死 还 赖 学校       不正当 搞 钱       死 全家,1,0.1508050411939621,
56679550223,屌用,屌用,1,0.21999727189540863,
56704066279,你妈逼,你 妈 逼,1,0.9857109189033508,
56709538470,高不成低不就，不过单身不代表逼闲着,高不成低不就 ， 不过 单身 不 代表 逼 闲着,1,0.9298481941223145,
56698286531,小编胡逼的哩，瞎扯蛋,小编 胡 逼 的 哩 ， 瞎扯蛋,1,0.48732486367225647,
56685935593,马勒戈壁。一个婊子居然还有人羡慕嘛。马勒戈壁。别出来降低中国人素质了。马勒戈壁。,马勒 戈壁 。 一个 婊子 居然 还有 人 羡慕 嘛 。 马勒 戈壁 。 别 出来 降低 中国 人 素质 了 。 马勒 戈壁 。,1,1.0,
56638533671,又要送钱给狗日运管了,又 要 送 钱 给 狗 日 运管 了,1,0.9999512434005737,
56643280448,？你妈逼？,？ 你 妈 逼 ？,1,0.8967451453208923,
56643140115,给呀，你有钱就给了，你日了你小舅子的姐姐凭什么不给，你小舅子谈对象、结婚、生仔你都该给！,给 呀 ， 你 有钱 就 给了 ， 你 日 了 你 小舅子 的 姐姐 凭什么 不给 ， 你 小舅子 谈 对象 、 结婚 、 生仔 你 都 该 给 ！,1,0.1373724341392517,
56626265140,狗日的，汉奸小编,狗日的 ， 汉奸 小编,1,0.9997920393943787,
56646674751,这样的法律就是你妈逼,这样 的 法律 就是 你 妈 逼,1,0.9999994039535522,
56680849441,委员长是我中华民族英雄，谁敢动他老子灭了他狗日的！,委员长 是 我 中华民族 英雄 ， 谁 敢动 他 老子 灭 了 他 狗日的 ！,1,0.9999122619628906,
56690456363,麻痹，腾讯害了多少优秀骚年。。,麻痹 ， 腾讯 害 了 多少 优秀 骚 年 。 。,1,0.9932458996772766,
56698435620,好娃哩。行长可以连号滴嘛逼妳个哈怂,好娃 哩 。 行长 可以 连号 滴 嘛 逼 妳 个 哈怂,1,0.9176856875419617,
56705356755,即使这样，此尤物也能让我欲罢不能,即使 这样 ， 此 尤物 也 能 让 我 欲罢不能,1,0.2401963174343109,
56695387244,胡萝卜加下你胸好污啊,胡萝卜 加 下 你 胸 好 污啊,1,0.9999984502792358,
56645181752,我也有精神病明天杀人去操他妈的,我 也 有精神病 明天 杀人 去 操 他妈的,1,0.9998800754547119,
56661088617,在手机软件（见用户名）下单认识了一个女生，女生讲她见过一个男的友包皮巨长，长到什么程度呢，据丫自己说，施工的时候把前面打个结，可以把套套都省了，完工后解开放水即可，真环保！,在 手机软件 （ 见 用户名 ） 下单 认识 了 一个 女生 ， 女生 讲 她 见 过 一个 男 的 友 包皮 巨 长 ， 长 到 什么 程度 呢 ， 据 丫 自己 说 ， 施工 的 时候 把 前面 打 个 结 ， 可以 把 套套 都 省 了 ， 完工 后 解开 放水 即可 ， 真 环保 ！,1,0.8492381572723389,
56651292562,麻痹的一群喷子，也就会喷粪,麻痹 的 一群 喷子 ， 也 就 会 喷粪,1,0.996705949306488,
56708719817,这特么的都是什么狗屁朋友！麻痹！几百米不会走啊！这点眼力见都懂不起！完全可以绝交这样的人！既然坐不下！你也可以帮他们出钱打个车！都可以啊！都特么是什么人！什么脑子,这 特么 的 都 是 什么 狗屁 朋友 ！ 麻痹 ！ 几百米 不会 走 啊 ！ 这点 眼力 见 都 懂 不起 ！ 完全 可以 绝交 这样 的 人 ！ 既然 坐 不下 ！ 你 也 可以 帮 他们 出钱 打 个 车 ！ 都 可以 啊 ！ 都 特么 是 什么人 ！ 什么 脑子,1,0.9820435047149658,
56654904005,国家就是他妈个逼的一群废物怂包,国家 就是 他 妈 个 逼 的 一群 废物 怂包,1,0.9999988079071045,
56700565471,每抱一下，闻着淡淡的奶香，小伙子像打了鸡血一样的，小意思！不要赞看图像！！！,每 抱 一下 ， 闻 着 淡淡 的 奶香 ， 小伙子 像 打 了 鸡血 一样 的 ， 小意思 ！ 不要 赞 看 图像 ！ ！ ！,1,0.046201251447200775,
56692488308,劈腿的妹子我操。。。。,劈腿 的 妹子 我 操 。 。 。 。,1,0.7689567804336548,
56652128821,这逼从头到尾一点悔改之意都没，内心其实是在怪死者不经打，怎么一拳就打死了，说不值当，意思自己倒霉！这货是没救了，放出来还是祸害一个！,这 逼 从头到尾 一点 悔改 之 意 都 没 ， 内心 其实 是 在 怪 死者 不经 打 ， 怎么 一拳 就 打死 了 ， 说不值当 ， 意思 自己 倒霉 ！ 这 货 是 没救 了 ， 放 出来 还 是 祸害 一个 ！,1,0.9516394138336182,
56657118740,他妈逼，这样的女人该死,他 妈 逼 ， 这样 的 女人 该死,1,0.9999959468841553,
56670568193,把这些女的先奸后杀都不为过。骗得太好了。,把 这些 女 的 先奸后杀 都 不为过 。 骗 得 太 好了 。,1,0.9955050945281982,
56711955116,狗日的,狗日的,1,0.9999932050704956,
56639800596,艳照张果然是婚内和男主角拍的艳照,艳照 张 果然 是 婚内 和 男主角 拍 的 艳照,1,0.997367799282074,
56680950870,有什么吊后果 人家吃定你了 还在那吹牛逼,有 什么 吊 后果 人 家 吃 定 你 了 还 在 那 吹牛 逼,1,0.9950944185256958,
56671631261,钱不要了，找人打死个狗日的！,钱 不要 了 ， 找人 打死 个 狗日的 ！,1,0.9999984502792358,
56641434855,日到她不能投胎,日 到 她 不能 投胎,1,0.8715925216674805,
56653766899,欧美的古装剧看着看着就想撸管,欧美 的 古装剧 看着 看着 就 想 撸管,1,0.9998288154602051,
56706198021,有、但也怕了、吃了逼的亏、上了逼的当、最后也死在逼的身上、一生的痛……,有 、 但 也 怕 了 、 吃 了 逼 的 亏 、 上 了 逼 的 当 、 最后 也 死 在 逼 的 身上 、 一生 的 痛… …,1,0.9058013558387756,
56645187119,这几个问题，年轻时候全遇到过，爱爱时，孩子醒来，两眼盯住，吓到不敢动，差的吓出阳痿，刚好自己精力旺盛，没吓出毛病出来。,这 几个 问题 ， 年轻 时候 全 遇到 过 ， 爱爱 时 ， 孩子 醒来 ， 两 眼 盯住 ， 吓到 不敢 动 ， 差 的 吓出 阳痿 ， 刚好 自己 精力 旺盛 ， 没 吓出 毛病 出来 。,1,0.9359459280967712,
56677454387,标题党，真是操蛋搞到我还以为祖国要展露雄风呢！！还不是来来去去那句话,标题党 ， 真是 操蛋 搞到 我 还 以为 祖国 要 展露 雄风 呢 ！ ！ 还 不是 来来去去 那句话,1,0.8731762170791626,
56692285899,都这样还有很多狗日去南朝鲜！,都 这样 还有 很多 狗 日 去 南朝鲜 ！,1,0.9997246861457825,
56704370474,逮到先奸后杀,逮到 先奸后杀,1,0.9984027743339539,
56670970965,抬你麻痹,抬 你 麻痹,1,0.998278021812439,
56682644446,妈批，骗小孩子的钱,妈 批 ， 骗 小孩子 的 钱,1,0.6655980348587036,
56673973973,头条竟出Bi王,头条 竟 出 Bi 王,1,0.2573106288909912,
56707905773,玩你麻痹,玩 你 麻痹,1,0.9996732473373413,
56691538398,被奸，还杀害，还TM烧尸。 麻痹的变态。,被 奸 ， 还 杀害 ， 还 TM 烧尸 。   麻痹 的 变态 。,1,0.9992814660072327,
56642086366,我儿子在海军服役，如果有战争我一定让他上战场打它狗日的,我 儿子 在 海军 服役 ， 如果 有 战争 我 一定 让 他 上 战场 打 它 狗日的,1,0.9996473789215088,
56646076258,妹子胸左小又大  卡那了,妹子 胸 左 小 又 大   卡 那 了,1,0.9998579025268555,
56699027565,国耻，狗日的小日本！,国耻 ， 狗日的 小 日本 ！,1,0.9999933242797852,
56627230646,谁在删我评论，我日谁的妈,谁 在 删 我 评论 ， 我 日 谁 的 妈,1,0.6707132458686829,
56678444739,龟头好吃吗,龟头 好吃 吗,1,0.9495326280593872,
56703057536,妈的 逼值钱,妈 的 逼 值钱,1,0.9999724626541138,
56684863443,老板雇的临时工能开商场的都是有大背景的～这个狗操的社会,老板 雇 的 临时工 能开 商场 的 都 是 有 大 背景 的 ～ 这个 狗 操 的 社会,1,0.9999314546585083,
56636717558,习俗你妈逼，跟别人要钱当然看重，你自己花就不习俗了,习俗 你 妈 逼 ， 跟 别人 要钱 当然 看重 ， 你 自己 花 就 不 习俗 了,1,0.9999885559082031,
56641392807,我怕她受不了皇帝的巨根,我 怕 她 受不了 皇帝 的 巨 根,1,0.3990050256252289,
56682963093,"成龙认识你是个狗卵子
",成龙 认识 你 是 个 狗 卵子,1,0.9571440815925598,
56686335865,裆部不肥美,裆部 不 肥美,1,0.5679271221160889,
56642908331,这些照片拍的像妓女日记一样,这些 照片 拍 的 像 妓女 日记 一样,1,0.9999978542327881,
56635006997,"这个实验结果告诉我们:插的越深，水越多。
顶我上去，让更多人知道！","这个 实验 结果 告诉 我们 : 插 的 越 深 ， 水 越 多 。 
 顶 我 上去 ， 让 更 多人 知道 ！",1,0.21946808695793152,
56626705336,"我操,这是真的吗?那冰冰今天不是挺寂寞?身体好的爷们排好上车啦😄","我 操 , 这 是 真 的 吗 ? 那 冰冰 今天 不是 挺 寂寞 ? 身体 好 的 爷们 排 好 上车 啦 😄",1,0.13297174870967865,
56712598993,美国这些狗日的就爱干这些事,美国 这些 狗日的 就 爱 干 这些 事,1,0.9999920129776001,
56658914610,董路说，它老婆给外国人强奸了，也不羞反正不说强奸，只是他老婆愿意。,董路 说 ， 它 老婆 给 外国人 强奸 了 ， 也 不 羞 反正 不说 强奸 ， 只 是 他 老婆 愿意 。,1,0.7569761872291565,
56643849066,裁判他骂我！什么？你不管？麻痹黑哨,裁判 他 骂 我 ！ 什么 ？ 你 不管 ？ 麻痹 黑哨,1,0.9010465145111084,
56675595875,打死她  狗日的    最恨這種人了,打死 她   狗日的       最 恨這 種 人 了,1,0.9999972581863403,
56670893788,强奸小姐？匪夷所思,强奸 小姐 ？ 匪夷所思,1,0.8727026581764221,
56627771026,米国的风，很大，也很骚，爱掀女人的衣服。,米国 的 风 ， 很大 ， 也 很 骚 ， 爱 掀 女人 的 衣服 。,1,0.9697811603546143,
56684396621,操你妈！臭外地！谁他妈请你们来了？活该！臭外地！滚回老家去！,操你妈 ！ 臭 外地 ！ 谁他妈 请 你们 来了 ？ 活该 ！ 臭 外地 ！ 滚 回老家 去 ！,1,1.0,
56642323896,就是胸太小了。。,就是 胸 太 小 了 。 。,1,1.0,
56646041483,瞎鸡巴整，就差打一仗了,瞎 鸡巴 整 ， 就 差 打 一 仗 了,1,1.0,
56656750258,看过，因其色情描写大细大露骨了没好意思看，西门庆与花子虛的老婆偷情，，，，，。太难看了。,看过 ， 因 其 色情 描写 大 细 大 露骨 了 没 好意思 看 ， 西门庆 与 花 子虛 的 老婆 偷情 ， ， ， ， ， 。 太 难看 了 。,1,0.7740401029586792,
56630031330,女支持人让我性欲大发啊！,女 支持 人 让 我 性欲 大发 啊 ！,1,0.9999998807907104,
56704482053,尼玛戈壁，就没你不知道的！中国第一喷！,尼玛 戈壁 ， 就 没 你 不 知道 的 ！ 中国 第一 喷 ！,1,0.9941738247871399,
56711269995,老逼太太电死得了，这样人就要判刑,老 逼 太太 电死 得了 ， 这样 人 就要 判刑,1,0.9980483055114746,
56629697871,麻痹的不开枪有人喷，开枪又说假，哎,麻痹 的 不 开枪 有 人 喷 ， 开枪 又 说 假 ， 哎,1,0.641054093837738,
56648219240,想问问你们，她有什么牛逼横行覇道了这些年？还有逼脸说,想 问问 你们 ， 她 有 什么 牛逼 横行 覇道 了 这些年 ？ 还有 逼 脸 说,1,0.9999628067016602,
56713884108,难道只有我一个人觉得像丁丁吗？,难道 只有我 一个 人 觉得 像 丁丁 吗 ？,1,0.35405492782592773,
56679706462,狗：我的大吊已经对准你了，再BB我就不客气了,狗 ： 我 的 大 吊 已经 对准 你 了 ， 再 BB 我 就 不客气 了,1,0.9976059198379517,
56713206183,尼玛币城里没地方鼓捣了。又打村里的注意。,尼玛币 城里 没 地方 鼓捣 了 。 又 打 村里 的 注意 。,1,0.8204729557037354,
56687075379,另外想睡陈老师的同学，必须先过我这一关哦、,另外 想 睡 陈 老师 的 同学 ， 必须 先 过 我 这一关 哦 、,1,0.5728694200515747,
56705730439,还得说一句潘长江你妈大屄的你不出来行不,还 得 说 一句 潘长江 你 妈 大屄 的 你 不 出来 行 不,1,0.9457051753997803,
56665148676,把李登辉定点清除！把蔡阴魂送到妓院！,把 李登辉 定点 清除 ！ 把 蔡阴魂 送到 妓院 ！,1,0.7722052931785583,
56661184135,蔡英文说：当年老娘一出山，国民党的“大佬爷们”鸡巴都缩进肚子里了，而今看着这些小丑内斗劲头十足，刀刀见骨，真开心，小丑们尽情表演吧，老娘在看热闹呢！,蔡英文 说 ： 当年 老娘 一 出山 ， 国民党 的 “ 大佬 爷们 ” 鸡巴 都 缩进 肚子 里 了 ， 而今 看着 这些 小丑 内斗 劲头十足 ， 刀刀见骨 ， 真 开心 ， 小丑 们 尽情 表演 吧 ， 老娘 在 看 热闹 呢 ！,1,0.9219362139701843,
56662487688,沃日他妈啊，这个淫魔也是够变态了！😨,沃 日 他 妈 啊 ， 这个 淫魔 也是 够 变态 了 ！ 😨,1,0.849478542804718,
56695865727,"赣b,湘b,鄂b,黑b,京b,还有多少b,一一道来。","赣b , 湘b , 鄂b , 黑 b , 京 b , 还有 多少 b , 一一道来 。",1,0.23683016002178192,
56688003424,方文山的词太屌了！屌得让人绝望～,方文山 的 词 太 屌 了 ！ 屌 得 让 人 绝望 ～,1,0.42005059123039246,
56641888093,那英是谁？不认识！是哪位少妇？,那英 是 谁 ？ 不 认识 ！ 是 哪位 少妇 ？,1,0.5633695721626282,
56625820243,调整心态吧，瞅着就跟去年一样，都是第一场主场大胜，后面就拉鸡巴倒了，害我去年输钱，今年第二场赌你们输，猜对了，哈哈哈,调整 心态 吧 ， 瞅着 就 跟 去年 一样 ， 都 是 第一 场 主场 大胜 ， 后面 就 拉 鸡巴 倒 了 ， 害 我 去年 输钱 ， 今年 第二 场 赌 你们 输 ， 猜对 了 ， 哈哈哈,1,0.9759078025817871,
56639633654,你们有没有发现！头条近日被东莞妹攻占了,你们 有没有 发现 ！ 头条 近日 被 东莞 妹 攻占 了,1,0.11912123113870621,
56648302946,咱能不用东京热主题曲嘛，吓我一跳。,咱 能 不用 东京热 主题曲 嘛 ， 吓 我 一 跳 。,1,0.2856616675853729,
56684186900,一些狗逼专家们，看到不良效应了吧！,一些 狗 逼 专家 们 ， 看到 不良 效应 了 吧 ！,1,0.8974541425704956,
56633478966,爱的这么深情十年怎么舍得让自己老婆挨别人的炮,爱 的 这么 深情 十年 怎么 舍得 让 自己 老婆 挨 别人 的 炮,1,0.8635621070861816,
56702007415,这和伊拉克没什么吊样,这 和 伊拉克 没什么 吊 样,1,0.5682836771011353,
56706581624,麻痹的，什么玩意儿,麻痹 的 ， 什么 玩意儿,1,0.48515868186950684,
56645586292,我不要听你唱歌，我要听你呻吟,我 不要 听 你 唱歌 ， 我 要 听 你 呻吟,1,0.680781900882721,
56630366413,最能装逼的就是跆拳道！所有跆拳道大师都断过腿伤过蛋！最适合有逼的人练！,最能 装 逼 的 就是 跆拳道 ！ 所有 跆拳道 大师 都 断 过 腿伤 过 蛋 ！ 最 适合 有 逼 的 人 练 ！,1,0.21423500776290894,
56641193009,我就知道狗日的日本鬼子一直在邀请世界人民去福岛旅游，去感受福岛核辐射带来的危害。这些畜生自己不去，骗别人去。,我 就 知道 狗日的 日本鬼子 一直 在 邀请 世界 人民 去 福岛 旅游 ， 去 感受 福岛 核辐射 带来 的 危害 。 这些 畜生 自己 不 去 ， 骗 别人 去 。,1,0.08574926853179932,
56625289897,他妈的帅翻了，圆圆性福啊,他妈的 帅 翻 了 ， 圆圆 性福 啊,1,0.9908573031425476,
56680803424,你妈了个逼的，说那么快，你嘴在拉稀吗？,你 妈 了 个 逼 的 ， 说 那么 快 ， 你 嘴 在 拉稀 吗 ？,1,0.8727784752845764,
56625311974,小便你麻痹整天没有点正事干嘛，谁都有落魄的时候，你就是小人一头。张国荣还同性恋呢？怎么也拿出来晒晒,小便 你 麻痹 整天 没有 点 正事 干嘛 ， 谁 都 有 落魄 的 时候 ， 你 就是 小人 一头 。 张国荣 还 同性恋 呢 ？ 怎么 也 拿出 来 晒晒,1,0.588337779045105,
56625824063,逼男人你他妈怎么不去死啊，这么一个好女孩！你个傻哔,逼 男人 你 他 妈 怎么 不 去死 啊 ， 这么 一个 好女孩 ！ 你 个 傻哔,1,0.9194844961166382,
56649412428,虾扯蛋,虾 扯蛋,1,0.30492645502090454,
56628443682,大张开双腿更有气质,大 张开 双腿 更 有 气质,1,0.35075050592422485,
56710018297,麻痹，吓我一跳。系统提示音,麻痹 ， 吓 我 一 跳 。 系统 提示 音,1,0.23063285648822784,
56641709045,没有耕坏的田，只有累死的牛,没有 耕坏 的 田 ， 只有 累死 的 牛,1,0.24064205586910248,
56659806021,贱货 骚货 蠢货  是你老公对你太好了  太负责任了  应该不要你  你就好了,贱货 骚货 蠢货   是 你 老公 对 你 太 好了   太 负责任 了   应该 不要 你   你 就 好了,1,0.9412667751312256,
56652792140,坏女人应该杀掉，留着祸害他人家庭，道德败坏社会，逼痒。,坏女人 应该 杀掉 ， 留 着 祸害 他人 家庭 ， 道德败坏 社会 ， 逼痒 。,1,0.9117905497550964,
56713960106,单亲妈妈，，八年没碰过男人了，，都是用跳蛋，，守寡八年，，我真的忍不住了,单亲妈妈 ， ， 八年 没 碰过 男人 了 ， ， 都 是 用 跳蛋 ， ， 守寡 八年 ， ， 我 真 的 忍不住 了,1,0.6406195163726807,
56625618041,没嫁不等于不日。,没 嫁 不等于 不 日 。,1,0.1710469126701355,
56664777602,爱死这屁股了,爱 死 这 屁股 了,1,0.5969946980476379,
56629702858,日泥马这个行为是被逼出来的！知道吗？,日泥马 这个 行为 是 被 逼 出来 的 ！ 知道 吗 ？,1,0.7795485854148865,
56629166706,瞎闹尼玛逼哇，浪费了的比用了的多，开采球了,瞎闹 尼玛 逼哇 ， 浪费 了 的 比 用 了 的 多 ， 开采 球 了,1,0.7810293436050415,
56714822560,谁不断交日他大爷,谁 不断 交 日 他 大爷,1,0.9997429251670837,
56646150879,我有这样的机车 却始终找不到那样臀,我 有 这样 的 机车 却 始终 找不到 那样 臀,1,0.8929714560508728,
56674451935,漏出你的比,漏出 你 的 比,1,0.3236713111400604,
56704873547,狗日的日本人！！！！！！！！,狗日的 日本人 ！ ！ ！ ！ ！ ！ ！ ！,1,0.9999877214431763,
56679819057,这就是个骚货,这 就是 个 骚货,1,0.9999837875366211,
56658599073,约了两个女的，都发生了性关系，后来就不玩了！这东西真的很好，我只说这么多,约 了 两个 女 的 ， 都 发生 了 性关系 ， 后来 就 不 玩 了 ！ 这 东西 真 的 很好 ， 我 只说 这么 多,1,0.988994300365448,
56714991021,尼玛逼！发这个有什么意思，车子是开来撞的？要死就是走路都会见阎王,尼玛逼 ！ 发 这个 有 什么 意思 ， 车子 是 开来 撞 的 ？ 要死 就是 走路 都 会见 阎王,1,0.45621174573898315,
56702550810,解说员你“逼塞”了得打针,解说员 你 “ 逼 塞 ” 了得 打针,1,0.9995631575584412,
56688019552,麻痹，还是作业太少了,麻痹 ， 还 是 作业 太 少 了,1,0.8592996001243591,
56641418689,明天去要钱，不给就弄死他，操他妈的,明天 去 要钱 ， 不给 就 弄死 他 ， 操 他妈的,1,0.9990682005882263,
56643778646,不是舞蹈天赋高，，是屁股大圆圆满满的都是爱，屁股后面诱人犯罪，,不是 舞蹈 天赋 高 ， ， 是 屁股 大 圆圆满满 的 都 是 爱 ， 屁股 后面 诱人 犯罪 ，,1,0.1711471825838089,
56687595744,走路把手放裤裆里的举手，反正我不是,走路 把手 放 裤裆 里 的 举手 ， 反正 我 不是,1,0.8342249989509583,
56642007972,唉哟，几巴吓掉了,唉哟 ， 几 巴 吓 掉了,1,0.9991480112075806,
56635126698,麻痹……鳄龟还没来得及开机视频就完了！→_→,麻痹 … … 鳄龟 还 没 来得及 开机 视频 就 完了 ！ → _ →,1,0.7936347126960754,
56643451701,不是卖逼的就是狗娘养的,不是 卖 逼 的 就是 狗 娘 养 的,1,0.999998927116394,
56674885507,生过孩子的少妇会更好玩,生 过 孩子 的 少妇 会 更 好玩,1,0.7142165303230286,
56643345692,狗日的杂碎！东北的大老爷们别他妈丢人现眼的！！！,狗日的 杂碎 ！ 东北 的 大老爷们 别 他 妈 丢人现眼 的 ！ ！ ！,1,0.9999909400939941,
56689354740,什么玩意，手老护着裤裆，流氓相,什么 玩意 ， 手 老 护 着 裤裆 ， 流氓 相,1,0.4670183062553406,
56637296673,就是一贱货烂货骚麻逼，你还会嫁无数个男人的，早点去死吧，不要脸的臭娘们。,就是 一 贱货 烂货 骚 麻逼 ， 你 还 会 嫁 无数个 男人 的 ， 早点 去死吧 ， 不要脸 的 臭 娘们 。,1,1.0,
56638743527,老逼出门就装死,老 逼 出门 就 装死,1,0.9999240636825562,
56640908914,狗日的朝阳老大妈！,狗日的 朝阳 老大妈 ！,1,0.9996923208236694,
56641338452,作者我强奸你妈生出你这个儿子，晚年我知道错了你就认我这个爹吧！爹千错万错至少你还是爹给带到这个世上来的。,作者 我 强奸 你 妈 生出 你 这个 儿子 ， 晚年 我 知道 错 了 你 就 认 我 这个 爹 吧 ！ 爹 千 错 万 错 至少 你 还 是 爹 给 带到 这个 世 上来 的 。,1,0.8628399968147278,
56666373703,图三龟头霸气不,图 三 龟头 霸气 不,1,0.9110097885131836,
56677442267,幸福还是性福，我也分不清楚了，和生肖真心没有关系呀，实在的，昨天手机下载手机下载O畏O畏助理，下单，约了一个附近的女生，有淡淡的幸福，有冲动的性福，她富了，我穷了。下辈子作一个女人，只要开放就会富贵,幸福 还 是 性福 ， 我 也 分不清楚 了 ， 和 生肖 真心 没有 关系 呀 ， 实在 的 ， 昨天 手机 下载 手机 下载 O畏 O畏 助理 ， 下单 ， 约 了 一个 附近 的 女生 ， 有 淡淡 的 幸福 ， 有 冲动 的 性福 ， 她 富 了 ， 我 穷 了 。 下辈子 作 一个 女人 ， 只要 开放 就 会 富贵,1,0.9999898672103882,
56645759995,"台湾大路的睾丸,美国想摸就摸一下,想挤就挤一下,大路用远的痛,不想别人摸,挤就赶紧收回把。","台湾 大路 的 睾丸 , 美国 想 摸 就 摸 一下 , 想 挤 就 挤 一下 , 大路 用 远 的 痛 , 不想 别人 摸 , 挤 就 赶紧 收回 把 。",1,0.3709345757961273,
56676386877,去资本主义国家做鸡，也不乐意在社会主义国家当家做主,去 资本主义 国家 做 鸡 ， 也 不 乐意 在 社会主义国家 当家做主,1,0.41674089431762695,
56646526201,小编瞎编，什么几把玩意，不顾廉耻，挑战读者的智商，就算儿媳妇善良，装傻，也不该把婆婆赶出家门,小编 瞎编 ， 什么 几把 玩意 ， 不顾 廉耻 ， 挑战 读者 的 智商 ， 就算 儿媳妇 善良 ， 装傻 ， 也 不该 把 婆婆 赶出 家门,1,0.9998226761817932,
56645431549,都是处女,都 是 处女,1,0.648145854473114,
56671498304,骚气十足,骚气 十足,1,0.9607326984405518,
56636586323,老子尼玛的最反感一口什么鸡吧外国话，老子爱国只喜欢国语！,老子 尼玛 的 最 反感 一口 什么 鸡 吧 外国 话 ， 老子 爱国 只 喜欢 国语 ！,1,0.8239955902099609,
56671392262,这写的荡妇，根本不是坦荡。写字的故意的，他妹！,这 写 的 荡妇 ， 根本 不是 坦荡 。 写字 的 故意 的 ， 他 妹 ！,1,0.9596190452575684,
56684413393,麻痹！忍不住爆粗口。,麻痹 ！ 忍不住 爆粗口 。,1,0.9933316111564636,
56685522393,听说是宝宝满足不了马容的情欲、所以选择跟经纪人搞，嘘嘘嘘、一般人我不告诉他,听说 是 宝宝 满足 不了 马容 的 情欲 、 所以 选择 跟 经纪人 搞 ， 嘘嘘嘘 、 一般 人 我 不 告诉 他,1,0.22318242490291595,
56651637005,杨钰莹日起绝对安逸,杨钰莹 日 起 绝对 安逸,1,0.8590888381004333,
56671367424,胸太沉了然后就,胸 太 沉 了然 后 就,1,0.9999996423721313,
56684086471,马旦，君越报28T，搞个吊20T的图,马旦 ， 君越 报 28T ， 搞 个 吊 20T 的 图,1,0.8773312568664551,
56635497100,啊凌晨了还有人么？刚刚刚刚用保健店买的玩具，高朝了，继续自卫到明天天亮！！明天谁能带我出去玩玩，活好是重点，，,啊 凌晨 了 还有 人 么 ？ 刚刚 刚刚 用 保健 店 买 的 玩具 ， 高 朝 了 ， 继续 自卫 到 明天 天亮 ！ ！ 明天 谁 能带 我 出去 玩玩 ， 活 好 是 重点 ， ，,1,0.16461123526096344,
56628934895,回归，回归，回归个J8,回归 ， 回归 ， 回归 个 J8,1,0.9994398951530457,
56710293527,打的好，这种人渣该死一万次。狗日的偷狗贼。,打的 好 ， 这种 人渣 该死 一 万次 。 狗日的 偷狗贼 。,1,0.9999617338180542,
56707368969,刚刚接了，，几个东北的小伙子，，人高马大的，，顶的我子宫都是疼的，，，气死我了,刚刚 接 了 ， ， 几个 东北 的 小伙子 ， ， 人高马大 的 ， ， 顶 的 我 子宫 都 是 疼 的 ， ， ， 气死我了,1,0.5054007172584534,
56676877433,3000毫安时电池，有个屌用？,3000 毫安时 电池 ， 有 个 屌用 ？,1,0.98616623878479,
56640473409,祝这位老战士找到双胞胎，都怪狗日的日本人，恨这些侵略者,祝 这 位 老 战士 找到 双胞胎 ， 都 怪 狗日的 日本人 ， 恨 这些 侵略者,1,0.999983549118042,
56642538676,傻叉，中国最后一个处女,傻叉 ， 中国 最后 一个 处女,1,0.4683217406272888,
56639684671,都他妈是因为，逼较紧张所致！,都 他 妈 是 因为 ， 逼 较 紧张 所致 ！,1,0.6435680985450745,
56646302010,单身不一定逼闲着,单身 不 一定 逼 闲着,1,0.9989720582962036,
56643911843,车震的结果,车震 的 结果,1,1.0,
56667469951,日本的造型像吊,日本 的 造型 像 吊,1,0.1907551884651184,
56673257378,吧唧你妈了个逼呀,吧唧 你 妈 了 个 逼呀,1,0.825065553188324,
56654037299,都骂那男的干啥 这女人本身就该死 男的又没强奸她 贱人,都 骂 那 男 的 干啥 这 女人 本身 就 该死 男 的 又 没 强奸 她 贱人,1,0.9521306157112122,
56637991863,凌晨了还有人么？刚刚刚刚用保健店买的玩具，高朝了，继续自卫到明天天亮！！明天谁能带我出去玩玩，活好是重点，，反倒是,凌晨 了 还有 人 么 ？ 刚刚 刚刚 用 保健 店 买 的 玩具 ， 高 朝 了 ， 继续 自卫 到 明天 天亮 ！ ！ 明天 谁 能带 我 出去 玩玩 ， 活 好 是 重点 ， ， 反倒 是,1,0.16016605496406555,
56634255947,这屁股,这 屁股,1,0.7813764214515686,
56713880969,还上大学？我看读书读进牛屁眼去了,还 上 大学 ？ 我 看 读书 读进 牛 屁眼 去 了,1,0.9687774181365967,
56665757931,这里面的妹子虽然都是胖的，不过胸真的每个都有D杯。小伙子们，你们看不出来证明你们还年轻啊。,这里 面的 妹子 虽然 都 是 胖 的 ， 不过 胸 真 的 每个 都 有 D杯 。 小伙子 们 ， 你们 看 不 出来 证明 你们 还 年轻 啊 。,1,0.9999837875366211,
56632281229,"说白了一个为了钱，一个为了b,与爱情不沾边！","说白了 一个 为了 钱 ， 一个 为了 b , 与 爱情 不 沾边 ！",1,0.9306057691574097,
56691952769,她很不实在，这么难看的女顾客她竟然叫美女，而且这个店长丑的一逼。,她 很 不 实在 ， 这么 难看 的 女 顾客 她 竟然 叫 美女 ， 而且 这个 店长 丑 的 一 逼 。,1,0.9972949624061584,
56641425374,干死这逼撕，再骂就肖他。,干死 这 逼 撕 ， 再 骂 就 肖 他 。,1,0.9998569488525391,
56643379824,那个时代还可以乱交配呢，知道苟合是怎么来的吗,那个 时代 还 可以 乱 交配 呢 ， 知道 苟合 是 怎么 来 的 吗,1,0.4114272892475128,
56682144631,吧唧嘴，我嘈你妈卖批,吧唧 嘴 ， 我 嘈 你 妈 卖 批,1,0.9999901056289673,
56666244040,马化腾：用心抄袭游戏，没钱玩你妈B,马化腾 ： 用心 抄袭 游戏 ， 没 钱 玩 你 妈 B,1,0.99989914894104,
56644563644,为啥不揍这逼样的还打码,为啥 不揍 这 逼 样 的 还 打码,1,0.9999984502792358,
56653533204,放你妈狗屁，操你妈人家吃了七两面，你说吃了七碗，你脑袋让驴踢了……,放 你 妈 狗屁 ， 操你妈 人 家 吃 了 七 两面 ， 你说 吃 了 七 碗 ， 你 脑袋 让 驴 踢 了 … …,1,1.0,
56645394683,骚货一个，肯定是个婊子,骚货 一个 ， 肯定 是 个 婊子,1,0.9998568296432495,
56677231133,妈的，，天天都是鸡婆和鸭公，，，,妈 的 ， ， 天天 都 是 鸡婆 和 鸭公 ， ， ，,1,0.9980424642562866,
56655683359,最后的屁股真不错,最后 的 屁股 真 不错,1,0.8711251020431519,
56691109728,这么多辣酱你的肛门很疼吧？,这么 多 辣酱 你 的 肛门 很 疼 吧 ？,1,0.8488430380821228,
56690348550,跟狗日的共非有什么关系,跟 狗日的 共 非有 什么 关系,1,0.9996544122695923,
56685082270,球球胸部够大,球球 胸部 够 大,1,0.9999996423721313,
56642545353,麻痹的讹人就批评教育一下完事，敲诈勒索 不是罪呀！操蛋的社会法律,麻痹 的 讹人 就 批评 教育 一下 完事 ， 敲诈勒索 不是 罪 呀 ！ 操蛋 的 社会 法律,1,0.9954022169113159,
56628596606,扯蛋,扯蛋,1,0.9987754225730896,
56713104792,王菲老淫婆不够柏芝妈妈靓！…,王菲 老 淫婆 不够 柏芝 妈妈 靓 ！ …,1,1.0,
56640801109,"大姚高还行,这二个吊东西就无语了","大 姚高还行 , 这 二个 吊 东西 就 无语了",1,0.8746049404144287,
56660057720,当奴才肯是不好，当太监更操蛋！,当奴才 肯 是 不好 ， 当 太监 更 操蛋 ！,1,0.9943175911903381,
56689823987,哈哈，到底是小姑娘，不懂男人，你看你125斤多大胸，现在再苗条，我都不多看一眼,哈哈 ， 到底 是 小姑娘 ， 不 懂 男人 ， 你 看 你 125 斤 多大 胸 ， 现在 再 苗条 ， 我 都 不多 看 一眼,1,0.9999991655349731,
56626035560,狗日的日本鬼子，怕滴就是米国佬。是揍怕了。小鬼子就得揍，往死里揍！,狗日的 日本鬼子 ， 怕 滴 就是 米国佬 。 是 揍怕 了 。 小鬼子 就得 揍 ， 往 死里揍 ！,1,0.9999921321868896,
56643387951,代你妈逼，中国那么多科技人员不能去？,代 你 妈 逼 ， 中国 那么 多 科技人员 不能 去 ？,1,0.9999967813491821,
56708261964,大波兄,大波 兄,1,0.7967535853385925,
56675068219,坚决反对，强烈不满又有屌用，应该拿出真家伙来抗韩了。,坚决 反对 ， 强烈 不满 又 有 屌用 ， 应该 拿出 真 家伙 来 抗 韩 了 。,1,0.4328441321849823,
56641862832,与虚竹是日出来的感情,与 虚竹 是 日 出来 的 感情,1,0.9970218539237976,
56650821189,图后二，那个屁股真的,图 后 二 ， 那个 屁股 真 的,1,0.8435242176055908,
56667464216,下它狗日的不行吗！,下 它 狗日的 不行 吗 ！,1,0.9999465942382812,
56666443076,有个屌用,有 个 屌用,1,0.9914587736129761,
56635768297,现在的二人转确实是下流人看的，说现在的二人转好的人绝对是个骚货,现在 的 二人转 确实 是 下流 人 看 的 ， 说 现在 的 二人转 好 的 人 绝对 是 个 骚货,1,0.9999799728393555,
56625762490,批评教育道谦？妈的符某，最好叫几个疯子当街操它！,批评 教育 道谦 ？ 妈 的 符某 ， 最好 叫 几个 疯子 当街 操 它 ！,1,0.999921441078186,
56641538750,事儿逼,事儿 逼,1,0.9999990463256836,
56641135924,都兰县最孙子了，生变孩子没生殖器。,都兰县 最 孙子 了 ， 生变 孩子 没 生殖器 。,1,0.38989338278770447,
56702386307,炒韭菜超级好吃，据说还壮阳，不知真假，反正我吃过，没试过，呵呵！！,炒韭菜 超级 好吃 ， 据说 还 壮阳 ， 不知真假 ， 反正 我 吃 过 ， 没 试过 ， 呵呵 ！ ！,1,0.02584020607173443,
56644878746,扯鸡巴蛋现在全国摆摊的让城管管的都他妈在家喝西北风了,扯 鸡巴 蛋 现在 全国 摆摊 的 让 城 管管 的 都 他 妈 在家 喝西北风 了,1,1.0,
56673920157,真他妈的不要个逼脸了,真 他妈的 不要 个 逼 脸 了,1,1.0,
56681203147,吊用,吊 用,1,0.9812942743301392,
56634665279,一个逼味！,一个 逼 味 ！,1,0.9999994039535522,
56702427576,城管就是狗日出来的,城管 就是 狗 日 出来 的,1,1.0,
56639791298,印度神油猛不？,印度神油 猛 不 ？,1,0.7222622036933899,
56683718433,什么情况么？说A26年一审现在谁鸡巴天天变政策,什么 情况 么 ？ 说 A26 年 一审 现在 谁 鸡巴 天天 变 政策,1,1.0,
56671909826,谁裤档烂了，又把他妈的人渣漏出来放臭屁啦…不要脸的东西,谁 裤档 烂 了 ， 又 把 他妈的 人渣 漏 出来 放臭屁 啦 … 不要脸 的 东西,1,0.4503864645957947,
56676725600,卧槽   拿个鸡巴领事馆当话题    按你这说   成都也是一线城市了   呵呵,卧槽     拿 个 鸡巴 领事馆 当 话题       按 你 这说     成都 也是 一线 城市 了     呵呵,1,1.0,
56640390076,政府，你什么东西。操你妈的,政府 ， 你 什么 东西 。 操你妈 的,1,1.0,
56655139678,大胸麻将！,大 胸 麻将 ！,1,0.9991865754127502,
56692941334,脸坚尼让我想起SM😂,脸 坚尼 让 我 想起 SM 😂,1,0.8385083675384521,
56639495514,你也想上范冰冰，你上得去吗。别吃不着葡萄说葡萄酸。,你 也 想 上 范冰冰 ， 你 上 得 去 吗 。 别 吃 不着 葡萄 说 葡萄酸 。,1,0.8952922224998474,
56641625299,这个有吊用，还以为可以看到电机正反转，检验接线结果。,这个 有 吊 用 ， 还 以为 可以 看到 电机 正 反转 ， 检验 接线 结果 。,1,0.9942997694015503,
56658567918,妈逼操的老子最恨我打架拉我的、初中也是浪拿个菜刀不砍和我打架的就砍拉我的、砍倒了接着砍和我打架的都跑了！赔了3万06年,妈 逼 操 的 老子 最恨 我 打架 拉 我 的 、 初中 也是 浪 拿 个 菜刀 不 砍 和 我 打架 的 就 砍 拉 我 的 、 砍倒 了 接着 砍 和 我 打架 的 都 跑 了 ！ 赔 了 3万 06年,1,0.9999969005584717,
56714799957,你看我的胸比你的还大,你 看 我 的 胸 比 你 的 还 大,1,0.9999969005584717,
56642495826,这种男人你都要，那也是你活该，这个社会一定要嫁才行吗，寂寞就去约炮，好过你嫁一个吃软饭的大男子主义,这种 男人 你 都 要 ， 那 也是 你 活该 ， 这个 社会 一定 要 嫁 才行 吗 ， 寂寞 就 去 约 炮 ， 好过 你 嫁 一个 吃软饭 的 大男子主义,1,0.999976634979248,
56671940058,腿白，胸大，人漂亮，太爽了,腿 白 ， 胸 大 ， 人 漂亮 ， 太爽了,1,0.9999996423721313,
56701258440,我干他妈。有种别跑。,我 干 他 妈 。 有种 别跑 。,1,0.3416247069835663,
56711625590,微信附近女的全是婊子烂骚狗,微信 附近 女 的 全 是 婊子 烂骚狗,1,0.1300838440656662,
56628331350,白羊很聪明没干了我。反而我把她干了！，，，,白羊 很 聪明 没 干了 我 。 反而 我 把 她 干了 ！ ， ， ，,1,0.044645972549915314,
56705870973,老衲掐指一算！图片所有女人～都不是处女,老衲 掐指一算 ！ 图片 所有 女人 ～ 都 不是 处女,1,0.8385343551635742,
56628878965,爱死我还有人在么？好累啊好累啊！我是个在校生刚刚用保健店买的玩具，高潮了，两条腿都站不直了，明天谁能带我出去玩玩， 有人约我么？？？,爱 死 我 还有 人 在 么 ？ 好 累 啊 好 累 啊 ！ 我 是 个 在校生 刚刚 用 保健 店 买 的 玩具 ， 高潮 了 ， 两条腿 都 站 不 直 了 ， 明天 谁 能带 我 出去 玩玩 ，   有 人 约 我 么 ？ ？ ？,1,0.2763415277004242,
56639745219,你妈逼小便吃屎，用三星图片打华为文字,你 妈 逼 小便 吃 屎 ， 用 三星 图片 打 华为 文字,1,0.8295014500617981,
56642927927,狗日本到现在还不承认南京大屠杀的事实，还叫游客滚出日本，不要脸的国,狗 日本 到 现在 还 不 承认 南京大屠杀 的 事实 ， 还 叫 游客 滚出 日本 ， 不要脸 的 国,1,0.5967802405357361,
56641116033,张翰，是那个回眸一笑百媚生的那个炮年吗,张翰 ， 是 那个 回眸一笑 百媚生 的 那个 炮 年 吗,1,0.5344902276992798,
56643738267,骚,骚,1,0.9522097706794739,
56638570095,你老公死了吗？你难产的时候？你婆婆裤裆里长得这是逼，她怎么没把她自己送人呢？这家真他妈逼不是人！！！！！,你 老公 死 了 吗 ？ 你 难产 的 时候 ？ 你 婆婆 裤裆 里 长得 这 是 逼 ， 她 怎么 没 把 她 自己 送人 呢 ？ 这 家 真他妈 逼 不是 人 ！ ！ ！ ！ ！,1,0.8493809103965759,
56649839297,这是日本发起战争应有的奖励，只是当时奖品太少要不就会多奖它狗日的几个，艹它日本全国女人,这 是 日本 发起 战争 应有 的 奖励 ， 只 是 当时 奖品 太 少 要 不 就 会 多 奖 它 狗日的 几个 ， 艹 它 日本 全国 女人,1,0.1449490338563919,
56678087457,朝鲜人民笑掉大牙了，南朝鲜的女人只能靠下体为生,朝鲜 人民 笑掉大牙 了 ， 南朝鲜 的 女人 只能 靠 下体 为生,1,0.1644764393568039,
56686538984,麻痹的，出来喘口气，谁想他妈变鱼汤！,麻痹 的 ， 出来 喘 口气 ， 谁 想 他 妈 变 鱼汤 ！,1,0.1419261246919632,
56652594554,小屁股都漏在外头了😂😂😂,小 屁股 都 漏 在外 头 了 😂 😂 😂,1,0.3728177845478058,
56646214195,我担心的是她的胸部,我 担心 的 是 她 的 胸部,1,0.46542787551879883,
56713678295,最后一张图  小樱的胸过分了,最后 一张图   小樱 的 胸 过分 了,1,0.9531087279319763,
56707711173,这衣服谁买去不是一股子骚气啊！,这 衣服 谁 买 去 不是 一 股子 骚气 啊 ！,1,0.37732207775115967,
56646102958,某，某某，某某某，草泥马的某某有关单位某某人，草泥马的好好中国文字更被搞成垃圾,某 ， 某某 ， 某某某 ， 草泥马 的 某某 有关 单位 某某人 ， 草泥马 的 好好 中国 文字 更 被 搞成 垃圾,1,0.14034147560596466,
56693832612,扯蛋,扯蛋,1,0.29768049716949463,
56646173978,别说人家躺着的，妈蛋，万一人家有裸睡的习惯，你让人家怎么整,别说 人 家 躺 着 的 ， 妈 蛋 ， 万 一人 家 有 裸睡 的 习惯 ， 你 让 人 家 怎么 整,1,0.7043280601501465,
56646101507,脱衣舞吗,脱衣舞 吗,1,0.28514647483825684,
56710113031,上传这干什么？刚看头条和尚和一女居士车震，阿弥陀佛,上传 这 干什么 ？ 刚 看 头条 和尚 和 一 女居士 车震 ， 阿弥陀佛,1,0.7030898928642273,
56641380033,操你妹。橡皮装上的。,操 你妹 。 橡皮 装上 的 。,1,0.6558943390846252,
56700656465,操你妈你就是个装逼犯！现在社会上的大爷大妈让你们这些狗逼专家教授给骗苦了成天的不好好教学出来当喷子！一看你就不是好操！,操你妈 你 就是 个 装逼犯 ！ 现在 社会 上 的 大爷 大妈 让 你们 这些 狗 逼 专家教授 给 骗 苦 了 成 天 的 不 好好 教学 出来 当 喷子 ！ 一 看 你 就 不是 好 操 ！,1,0.8171347379684448,
56641030708,开累了又可以在车上玩车震，马上又有精神开车了！,开 累 了 又 可以 在 车上 玩 车震 ， 马上 又 有 精神 开车 了 ！,1,0.8371755480766296,
56657639245,娘那逼，占一半多都不认识，还叫星？,娘 那 逼 ， 占 一半 多 都 不 认识 ， 还 叫 星 ？,1,0.8377165794372559,
56658698259,女人在难、也不会丢弃自己生养的孩子、不过有些贱逼货女人、不要自己的孩子还勾引老公公、汝州庙下姚庄村的杨晓丽就是贱逼一个,女人 在 难 、 也 不会 丢弃 自己 生养 的 孩子 、 不过 有些 贱 逼 货 女人 、 不要 自己 的 孩子 还 勾引 老公公 、 汝州 庙 下 姚庄村 的 杨晓丽 就是 贱 逼 一个,1,0.7410610914230347,
56640870824,我说过最多的谎话就是不射在里面。,我 说 过 最 多 的 谎话 就是 不 射 在 里面 。,1,0.46042826771736145,
56692655936,看到这种就在想法律真操蛋，什么都可以扯蛋。,看到 这种 就在 想 法律 真 操蛋 ， 什么 都 可以 扯蛋 。,1,0.16064733266830444,
56640114158,不结婚不代表逼闲着,不 结婚 不 代表 逼 闲着,1,0.9255455732345581,
56628964513,其实演员中我最佩服杨幂，胸比柳岩的大，却不会那这个来炒作,其实 演员 中 我 最 佩服 杨幂 ， 胸 比 柳岩 的 大 ， 却 不会 那 这个 来 炒作,1,0.9886929392814636,
56645738052,这大屁股还小金毛，哈哈,这 大 屁股 还 小金毛 ， 哈哈,1,0.38362622261047363,
56638719629,也是个扯蛋玩艺,也是 个 扯蛋 玩艺,1,0.4258311986923218,
56703778811,乐天，你妈逼。,乐天 ， 你 妈 逼 。,1,0.824689507484436,
56689854995,狗日的骗了我的血汗钱，四个月只拿了2600元，骗了我万几，从年前到现在电话都不通，真想杀了他全家，可想想自己一家人，唉！忍了吧！我更想知道怎样报复他而自己能脱身法外？,狗日的 骗 了 我 的 血汗钱 ， 四个 月 只 拿 了 2600元 ， 骗 了 我 万几 ， 从 年 前 到 现在 电话 都 不通 ， 真 想 杀 了 他 全家 ， 可 想想 自己 一家人 ， 唉 ！ 忍 了 吧 ！ 我 更 想 知道 怎样 报复 他 而 自己 能 脱身 法外 ？,1,0.30942654609680176,
56706888371,龟儿子又跑来说广东的了！滚你妈的广东你妈逼,龟儿子 又 跑 来说 广东 的 了 ！ 滚 你 妈 的 广东 你 妈 逼,1,0.9940485954284668,
56689759691,我想说的是这角度的摩擦人的屁股受得住吗？,我 想 说 的 是 这 角度 的 摩擦 人 的 屁股 受得住 吗 ？,1,0.4499567747116089,
56715310086,马勒戈壁，这配音真牛逼,马勒 戈壁 ， 这 配音 真 牛逼,1,0.48585671186447144,
56638212749,什么货色，卖弄风骚，自以为很美，一般人干嘛要拍照上头条，家里没男人，卖鸡征鸭吗,什么 货色 ， 卖弄风骚 ， 自以为 很 美 ， 一般 人 干嘛 要 拍照 上 头条 ， 家里 没 男人 ， 卖 鸡 征鸭 吗,1,0.5417993068695068,
56683412176,镇江句容王铃丽偷人被她丈夫抓住，丈夫把她休了，这个婊子又去找其他男人，被了个男人搞了那个男人也没有要她，后来又跟一个老头子,镇江 句容 王铃丽 偷人 被 她 丈夫 抓住 ， 丈夫 把 她 休 了 ， 这个 婊子 又 去 找 其他 男人 ， 被 了 个 男人 搞 了 那个 男人 也 没有 要 她 ， 后来 又 跟 一个 老头子,1,0.468967467546463,
56629855771,脸美逼遭罪,脸 美 逼 遭罪,1,0.8126376867294312,
56679555853,有几个在生产？扯蛋,有 几个 在 生产 ？ 扯蛋,1,0.2567254304885864,
56693774818,她得多骚啊,她 得 多 骚 啊,1,0.9229510426521301,
56703692068,把丫绑起来，边上烧一锅热水，先砍手，后砍肘，顺着大腿割鸡鸡，然后扔到热水锅煮熟了让丫吃,把 丫绑 起来 ， 边上 烧 一 锅 热水 ， 先 砍手 ， 后 砍 肘 ， 顺着 大腿 割 鸡鸡 ， 然后 扔到 热水 锅 煮熟 了 让 丫吃,1,0.7912856936454773,
56639888923,像这样碰瓷的老狗日的，就应该当街抽打一百耳光。,像 这样 碰瓷 的 老 狗日的 ， 就 应该 当街 抽打 一百 耳光 。,1,0.2914745509624481,
56641902929,这东西我知道，宋朝的，潘金莲用的，看着光泽度，没有抽插上亿次是成不了这样的,这 东西 我 知道 ， 宋朝 的 ， 潘金莲 用 的 ， 看着 光泽度 ， 没有 抽插 上 亿 次 是 成 不了 这样 的,1,0.7638528943061829,
56629062150,1111还在用手？我是在校生，刚刚用保健店买的玩具，两条腿都站不直了，明天谁能带我出去玩玩，活好是重点。呵呵呵,1111 还 在用 手 ？ 我 是 在校生 ， 刚刚 用 保健 店 买 的 玩具 ， 两条腿 都 站 不 直 了 ， 明天 谁 能带 我 出去 玩玩 ， 活 好 是 重点 。 呵呵呵,1,0.059876538813114166,
56641683495,狗日的秃驴至死也要分裂国家，蒋介石这个死屌就是私利的代表根本没有一点家国情怀，所以才被钉在历史的耻辱柱上,狗日的 秃驴 至死 也 要 分裂 国家 ， 蒋介石 这个 死屌 就是 私利 的 代表 根本 没有 一点 家国 情怀 ， 所以 才 被 钉 在 历史 的 耻辱柱 上,1,0.9997506737709045,
56647430827,马勒戈壁，就知道依靠土地财政,马勒 戈壁 ， 就 知道 依靠 土地 财政,1,1.0,
56705816140,这个逼装的！,这个 逼 装 的 ！,1,0.9985468983650208,
56636602304,此哎哎还有人吗，还有20厘米的的萧嘛，姐来给你做大保健，吹不哭你，不收你钱,此 哎哎 还有 人 吗 ， 还有 20 厘米 的 的 萧嘛 ， 姐 来 给你 做大 保健 ， 吹 不哭 你 ， 不 收 你 钱,1,0.2575989365577698,
56646340521,变性人吧😂，怎么没有胸的😂,变性人 吧 😂 ， 怎么 没有 胸 的 😂,1,0.9999992847442627,
56647678284,格林，如果比赛赢不了哈登，我就上腿踢他蛋！,格林 ， 如果 比赛 赢 不了 哈登 ， 我 就 上 腿 踢 他 蛋 ！,1,0.7142384052276611,
56647033997,你狗日的小编，该罚你200元了。,你 狗日的 小编 ， 该 罚 你 200元 了 。,1,0.999996542930603,
56657482825,你也就是被强奸一次，总比两个人死都好吧。不然呢？冲过去拼命，死了连报仇都没机会。,你 也就是 被 强奸 一次 ， 总比 两个人 死 都 好吧 。 不然 呢 ？ 冲过 去 拼命 ， 死 了 连 报仇 都 没 机会 。,1,0.9708305597305298,
56693879038,李小璐这么娇小逼一定很小。,李小璐 这么 娇小 逼 一定 很 小 。,1,0.9999915361404419,
56626755888,厉害👍，这淫妇不得了,厉害👍 ， 这 淫妇 不得了,1,0.9614620208740234,
56714520446,微微一ying略表敬意,微微 一 ying 略表 敬意,1,0.8917160034179688,
56625711202,们麻痹,们 麻痹,1,0.9980384707450867,
56667719571,狗日的！,狗日的 ！,1,0.9999921321868896,
56674491721,欢迎大家来到打炮大会，我们衷心的希望大家在打炮大会都能找到自己喜欢打炮的人！,欢迎 大家 来到 打炮 大会 ， 我们 衷心 的 希望 大家 在 打炮 大会 都 能 找到 自己 喜欢 打炮 的 人 ！,1,0.9806232452392578,
56667263393,狗日洗脑文章，房价可能跌吗？谁控制土地？谁控制销售？,狗 日 洗脑 文章 ， 房价 可能 跌 吗 ？ 谁 控制 土地 ？ 谁 控制 销售 ？,1,0.9911585450172424,
56628015191,看来小编是试过非洲女人的了，不要忘了戴套，怕传染艾滋病就麻烦了！,看来 小编 是 试过 非洲 女人 的 了 ， 不要 忘了 戴 套 ， 怕 传染 艾滋病 就 麻烦 了 ！,1,0.684734046459198,
56632617847,老骚货,老骚货,1,0.6900738477706909,
56699114378,我真后悔三年前买了韩国的k3，妈日个巴子的，尽快换车。,我 真 后悔 三年 前 买 了 韩国 的 k3 ， 妈 日 个 巴子 的 ， 尽快 换车 。,1,0.9998144507408142,
56639005135,不知道为什么，我忍不住把手伸进裤子里动了起来,不 知道 为什么 ， 我 忍不住 把手 伸进 裤子 里 动 了 起来,1,0.37894749641418457,
56685806891,频频性爱，就年轻。,频频 性爱 ， 就 年轻 。,1,1.0,
56643650737,骚   首弄   资,骚     首 弄     资,1,0.7296961545944214,
56626988290,台湾是个鸡吧，回祖国大陆！,台湾 是 个 鸡 吧 ， 回 祖国 大陆 ！,1,0.9450904726982117,
56629729861,牛一下逼一下~牛逼,牛 一下 逼 一下 ~ 牛逼,1,0.13892319798469543,
56655941477,这些狗日杀牛的人祖辈不是东西,这些 狗 日 杀 牛 的 人 祖辈 不是 东西,1,0.9936902523040771,
56639587341,连G2这种渣比都能晋级决赛，草泥马的IEM官方，不给我们办护照，欠我天团EGD 一个冠军，是中国人就点赞,连 G2 这种 渣比 都 能 晋级 决赛 ， 草泥马 的 IEM 官方 ， 不给 我们 办 护照 ， 欠 我 天 团 EGD 一个 冠军 ， 是 中国 人 就 点赞,1,0.9222173690795898,
56642229336,作案，做什么案，车震么,作案 ， 做 什么 案 ， 车震 么,1,1.0,
56694991686,脱衣舞娘！,脱衣舞娘 ！,1,0.47243764996528625,
56688403036,骚死了,骚死 了,1,0.5985400080680847,
56640472176,麻痹的一定要离不然对不起钓友们,麻痹 的 一定 要离 不然 对不起 钓友 们,1,0.9901240468025208,
56645665259,麻痹教育一下太轻了，牢教一年,麻痹 教育 一下 太轻 了 ， 牢 教 一 年,1,0.9697272181510925,
56627470424,曾经的炮友！当然有感情！但是别人看来就是乱搞！,曾经 的 炮友 ！ 当然 有 感情 ！ 但是 别人 看来 就是 乱搞 ！,1,0.9999469518661499,
56675025740,就是一个高级妓女,就是 一个 高级 妓女,1,0.9999998807907104,
56655747674,开车拍什么骚逼,开车 拍 什么 骚逼,1,0.9999920129776001,
56710589888,麻痹这什么音乐，到处都是！,麻痹 这 什么 音乐 ， 到处 都 是 ！,1,0.9957809448242188,
56675933418,就你这逼样      ,就 你 这 逼 样,1,0.9999984502792358,
56655271166,Cp3真牛，整体篮球就是屌,Cp3 真牛 ， 整体 篮球 就是 屌,1,0.5598136782646179,
56662969106,作者你写这有你妈了个逼用？,作者 你 写 这 有 你 妈 了 个 逼 用 ？,1,0.9999984502792358,
56641419508,老外的屁股比国产的漂亮多了，又大，真好看。,老外 的 屁股 比 国产 的 漂亮 多 了 ， 又 大 ， 真 好看 。,1,0.7626844048500061,
56687721528,我总感觉同性恋都很脏，你想想啊，那个进入后面，天啊,我 总 感觉 同性恋 都 很脏 ， 你 想想 啊 ， 那个 进入 后面 ， 天啊,1,0.23550620675086975,
56713982514,发春了,发春 了,1,0.9057737588882446,
56643654991,求开头扭屁股的视频出处,求 开头 扭 屁股 的 视频 出处,1,0.6909050941467285,
56660858056,其实科学家都说了，男女没了性爱，就会容颜尽失，女人漂亮了靠的是男人的滋润,其实 科学家 都 说了 ， 男女 没 了 性爱 ， 就 会 容颜 尽失 ， 女人 漂亮 了 靠 的 是 男人 的 滋润,1,1.0,
56641628206,打狗日的。,打 狗日的 。,1,0.9999874830245972,
56709794541,严重警告有个吊用，问责有个屌用……,严重 警告 有 个 吊 用 ， 问责 有 个 屌用 … …,1,0.9999971389770508,
56639344032,送小便五个字:你马勒戈壁,送 小便 五 个字 : 你 马勒 戈壁,1,1.0,
56695813101,兄弟那胸罩你还要吗？不要给我吧，实在不行给你点钱也行啊！在线等，急,兄弟 那 胸罩 你 还要 吗 ？ 不要 给 我 吧 ， 实在 不行 给你 点 钱 也 行 啊 ！ 在线 等 ， 急,1,0.6866788268089294,
56692553524,上次还没干死你还这么骚,上次 还 没 干死你 还 这么 骚,1,0.9987630844116211,
56685484705,"sb,投诉，脑残，捡球。赤壁，二货。作者，贱逼。","sb , 投诉 ， 脑残 ， 捡球 。 赤壁 ， 二货 。 作者 ， 贱逼 。",1,0.9628142714500427,
56654699837,这女的也不是啥好逼玩意，分手都没利索就又找个小鲜肉。对方心里肯定承受不了。不杀她才怪。,这 女 的 也 不是 啥 好 逼 玩意 ， 分手 都 没 利索 就 又 找 个 小鲜肉 。 对方 心里 肯定 承受 不了 。 不杀 她 才 怪 。,1,0.9988781809806824,
56645291107,非洲的屁股,非洲 的 屁股,1,0.6203360557556152,
56640025213,标题不要取得这么操蛋，全程真就笑过一回！仅仅一次！,标题 不要 取得 这么 操蛋 ， 全程 真 就 笑 过 一回 ！ 仅仅 一次 ！,1,0.9927612543106079,
56648340134,我只想说妈勒个巴子，国家政策老百姓买单，罪魁祸首确不是老百姓,我 只想 说 妈 勒 个 巴子 ， 国家 政策 老百姓 买单 ， 罪魁 祸首 确 不是 老百姓,1,0.02201315201818943,
56677534058,差评！没打死这个狗日的！,差评 ！ 没 打死 这个 狗日的 ！,1,0.9999979734420776,
56669630641,麻痹，标题党,麻痹 ， 标题党,1,0.9964295029640198,
56643547588,不打不相识，最后打到床上了,不打不相识 ， 最后 打到 床上 了,1,0.09838361293077469,
56714362391,全抓起来送到沙漠里，不让它们出来让他独，这些狗日台独汉奸。,全 抓 起来 送到 沙漠 里 ， 不让 它们 出来 让 他 独 ， 这些 狗 日 台独 汉奸 。,1,0.9002761244773865,
56678394348,麻痹的，人家职业化不必咱们玩的好,麻痹 的 ， 人 家 职业化 不必 咱们 玩 的 好,1,0.9970046877861023,
56688128664,现在这叫什么世道啊，当贼的越来越腰杆子硬了，拿着混蛋逻辑当理说，法官也是人模狗样的舔逼了事，公司受这么大损失，还要赔作死的盗贼钱，这是哪家的法理，,现在 这 叫 什么世道 啊 ， 当贼 的 越来越 腰杆子 硬 了 ， 拿着 混蛋 逻辑 当理 说 ， 法官 也是 人模狗样 的 舔逼 了事 ， 公司 受 这么 大 损失 ， 还要 赔作死 的 盗贼 钱 ， 这 是 哪家 的 法理 ，,1,0.24717214703559875,
56692317278,狗日的小日本。奸杀日本女人，把日本的男人拉去喂狗！！！！,狗日的 小 日本 。 奸杀 日本 女人 ， 把 日本 的 男人 拉去 喂狗 ！ ！ ！ ！,1,0.9999988079071045,
56683843767,别尼玛再说了，你这不是等于给狗日的曝光吗,别尼玛 再 说了 ， 你 这 不是 等于 给 狗日的 曝光 吗,1,0.999943733215332,
56626176590,格林狗逼一个脏！,格林狗 逼 一个 脏 ！,1,0.9815949201583862,
56670723681,扯蛋,扯蛋,1,0.9987754225730896,
56711709476,日本人 日本人 连本人都日 那差事亲戚了 ,日本人 日本人 连 本人 都 日 那 差事 亲戚 了,1,0.22887806594371796,
56625447252,她妈屄的一个戏子露露大腿就比科学家、航天专家还有钱。税务总局和中纪委该联手严查明人咯！！,她 妈屄 的 一个 戏子 露露 大腿 就 比 科学家 、 航天 专家 还 有钱 。 税务总局 和 中纪委 该 联手 严查 明人 咯 ！ ！,1,0.9442180395126343,
56713131197,最后出来电子秤 我以为吃这东西不能过量 要先称下 原来是卖的 日你个仙人板板 这广告做的,最后 出来 电子秤 我 以为 吃 这 东西 不能 过量 要 先 称 下 原来 是 卖 的 日 你 个 仙人 板板 这 广告 做 的,1,0.9997069239616394,
56646622694,扯蛋,扯蛋,1,0.9987754225730896,
56697204673,我操你八辈，小尿罐,我 操 你 八辈 ， 小尿罐,1,0.9999982118606567,
56680814470,那个叫什么几把博晖的装你妈逼啊,那个 叫 什么 几把 博晖 的 装 你 妈 逼 啊,1,1.0,
56648411572,有杨幂的內衣内裤拍卖吗。,有 杨幂 的 內衣 内裤 拍卖 吗 。,1,0.157218337059021,
56641277540,过去有男朋友的意思是被睡过对吗？,过去 有 男 朋友 的 意思 是 被 睡 过 对 吗 ？,1,0.9994261264801025,
56660922507,有问题就得治！很多男性不好意思，导致问题越来越严重！性福比起面子，哪个更重要呢？,有 问题 就得 治 ！ 很多 男性 不好意思 ， 导致 问题 越来越 严重 ！ 性福 比起 面子 ， 哪个 更 重要 呢 ？,1,0.9999502897262573,
56646239978,睡过别人老婆的举手，，,睡 过 别人 老婆 的 举手 ， ，,1,0.9873650670051575,
56714990921,电影行业让他们作死了拉鸡巴倒!  膈应人,电影 行业 让 他们 作死 了 拉 鸡巴 倒 !     膈应人,1,1.0,
56676842265,不告他诈骗？？草泥马讹人没有犯罪成本，狗屁中国法律,不 告 他 诈骗 ？ ？ 草泥马 讹人 没有 犯罪 成本 ， 狗屁 中国 法律,1,0.11200381815433502,
56708541426,臭逼嘴世界第一,臭 逼 嘴 世界 第一,1,1.0,
56642229566,好喜欢，胸大性感。,好 喜欢 ， 胸 大 性感 。,1,1.0,
56650785021,胸大遮百丑,胸 大 遮百 丑,1,1.0,
56692165103,扯蛋,扯蛋,1,0.9997453093528748,
56646691346,我日魏延,我 日 魏延,1,0.572141706943512,
56646579236,恶心人 麻痹的干点正经事不行吗,恶心 人 麻痹 的 干点 正经事 不行 吗,1,0.9881260395050049,
56711393314,强烈不満有啥屌用？,强烈 不満 有 啥 屌用 ？,1,0.9920435547828674,
56651352845,老B养了个王八儿，一家一本经。,老B 养 了 个 王八儿 ， 一家 一 本经 。,1,0.6499868035316467,
56667434995,叼大,叼 大,1,0.7150046825408936,
56670334472,涨你麻痹   中国亡吧,涨 你 麻痹     中国 亡吧,1,0.9939218759536743,
56702525690,提到王心刚就想起作品里那句台词:太麻痹了，太麻痹了！,提到 王心刚 就 想起 作品 里 那 句 台词 : 太 麻痹 了 ， 太 麻痹 了 ！,1,0.9483773112297058,
56713298237,单亲妈妈，，八年没碰过男人了，，都是用跳蛋，，守寡八年，，我真的忍不住了,单亲妈妈 ， ， 八年 没 碰过 男人 了 ， ， 都 是 用 跳蛋 ， ， 守寡 八年 ， ， 我 真 的 忍不住 了,1,0.9312527179718018,
56692691022,插眼掏蛋,插 眼 掏蛋,1,0.0023196095135062933,
56713170798,一直盯着裤裆看的举手😂😂,一直 盯 着 裤裆 看 的 举手 😂 😂,1,0.6606550216674805,
56693734473,马勒戈壁。把这种垃圾拉出去枪毙。马勒戈壁。给你打江山的时候是精英，该长工资了开车。马勒戈壁。直接枪毙。马勒戈壁。,马勒 戈壁 。 把 这种 垃圾 拉 出去 枪毙 。 马勒 戈壁 。 给你 打江山 的 时候 是 精英 ， 该 长 工资 了 开车 。 马勒 戈壁 。 直接 枪毙 。 马勒 戈壁 。,1,1.0,
56673216837,我有艳照门谁要,我 有 艳照门 谁 要,1,0.9872804284095764,
56632081908,老女人六十岁，骚货，那男的吃软饭，人渣。,老 女人 六十岁 ， 骚货 ， 那 男 的 吃软饭 ， 人渣 。,1,0.9999829530715942,
56686759007,社团来中国，看城管干你吗,社团 来 中国 ， 看 城管 干 你 吗,1,0.38637128472328186,
56647196059,.后一图，能在肥花下死，永世不得超生。',. 后 一 图 ， 能 在 肥 花下死 ， 永世 不得 超生 。 ',1,0.08932684361934662,
56628505012,这是个泰国网红辣妈，挺漂亮的，而且胸大！,这 是 个 泰国 网 红 辣妈 ， 挺 漂亮 的 ， 而且 胸 大 ！,1,0.9999984502792358,
56696411059,活好,活 好,1,0.9197356104850769,
56672999298,估计有人要说；操你家祖宗呢，你家如果有烟筒冒出去的都是狼烟啦。,估计 有 人 要 说 ； 操 你家 祖宗 呢 ， 你家 如果 有 烟筒 冒出 去 的 都 是 狼烟 啦 。,1,0.9922490119934082,
56674245589,这个无能的废物只会挑人家的坏处，当你妈逼的小便,这个 无能 的 废物 只会 挑 人 家 的 坏处 ， 当 你 妈 逼 的 小便,1,0.9998631477355957,
56649825162,升成你妈的B，也要打烂你,升 成 你 妈 的 B ， 也 要 打烂 你,1,0.9547821283340454,
56643402699,装的好逼,装 的 好 逼,1,0.7585388422012329,
56654644580,又一个妈卖批的骚货，垃圾,又 一个 妈 卖 批 的 骚货 ， 垃圾,1,0.9870727062225342,
56700547950,评论里骂的大部分都是女的....我知道你们为什么骂了，因为你们忘了舔着逼脸跟前男友要分手费 哈哈,评论 里 骂 的 大部分 都 是 女 的 .... 我 知道 你们 为什么 骂 了 ， 因为 你们 忘了 舔着 逼 脸 跟前 男友 要 分手费 哈哈,1,0.6877595782279968,
56627474427,开A7只招了个手，拉出去直接车震了，去年的事,开 A7 只 招 了 个 手 ， 拉 出去 直接 车震 了 ， 去年 的 事,1,0.20926272869110107,
56678087833,古代妓女都讲道德  ,古代 妓女 都 讲道德,1,0.860173225402832,
56640423034,垃圾黑男，就会拍人家胸，下半身,垃圾 黑 男 ， 就 会 拍 人 家 胸 ， 下半身,1,0.9855959415435791,
56646202977,厉害了我的伟哥，伟哥专利,厉害 了 我 的 伟哥 ， 伟哥 专利,1,0.16642998158931732,
56656128678,女主人，少妇诱惑啊！装修15万的水准,女主人 ， 少妇 诱惑 啊 ！ 装修 15万 的 水准,1,0.03529124706983566,
56710339956,狗日的美帝丶严刑逼供仨！,狗日的 美帝 丶 严刑 逼供 仨 ！,1,0.3430512845516205,
56684311040,看到黄瓜下体好疼。,看到 黄瓜 下体 好 疼 。,1,0.5567861199378967,
56660036710,这么说来，柯有好几个祖父，每个祖父死法都不一样，那么他就是狗日的杂种,这么 说来 ， 柯 有 好 几个 祖父 ， 每个 祖父 死法 都 不 一样 ， 那么 他 就是 狗日的 杂种,1,0.25791171193122864,
56629341504,社区代表把我吓到了，整个就是欲求不满转而变得有些压抑狂躁。,社区 代表 把 我 吓 到了 ， 整个 就是 欲求 不满 转而 变得 有些 压抑 狂躁 。,1,0.35733234882354736,
56663647641,大长胸好白。,大 长 胸 好 白 。,1,0.9301754832267761,
56680792232,老硬了,老 硬 了,1,0.20877856016159058,
56689088019,看小便麻痹,看 小便 麻痹,1,0.34634146094322205,
56661451472,腿粗穿啥短裤短裙都白瞎,腿 粗 穿 啥 短裤 短裙 都 白瞎,1,0.33901870250701904,
56678633604,you say J8 without a picture,you say J8 without a picture,1,0.9999986886978149,
56643310389,说点低俗的事吧，韩国红灯区妓女统一不接待中国人！请国人自重！,说 点 低俗 的 事 吧 ， 韩国 红灯区 妓女 统一 不 接待 中国 人 ！ 请 国人 自重 ！,1,0.5856140851974487,
56637063084,还在用手？我是在校生，刚刚用保健店买的玩具，两条腿都站不直了，明天谁能带我出去玩玩，活好是重点。欧,还 在用 手 ？ 我 是 在校生 ， 刚刚 用 保健 店 买 的 玩具 ， 两条腿 都 站 不 直 了 ， 明天 谁 能带 我 出去 玩玩 ， 活 好 是 重点 。 欧,1,0.05909040942788124,
56688808723,回忆麻痹,回忆 麻痹,1,0.21910573542118073,
56668637553,狗日的，什么叫优享,狗日的 ， 什么 叫 优 享,1,0.3593740463256836,
56706414908,看黄晓明下体,看 黄晓明 下体,1,0.4058307409286499,
56626810565,把这辈子的逼都装完了就走了,把 这辈子 的 逼 都 装 完了 就 走了,1,0.9787564277648926,
56641318810,妈的。老鼠除了吃以外是不是都在性交。,妈 的 。 老鼠 除了 吃 以外 是不是 都 在 性交 。,1,0.9999908208847046,
56672257107,木耳太黑，不产子了,木耳 太 黑 ， 不 产子 了,1,0.5479869246482849,
56625492383,小编不懂历史。清朝以前太监只割睾丸不割阳具的。只有清朝才是睾丸阳具一起割完的。,小编 不 懂 历史 。 清朝 以前 太监 只 割 睾丸 不 割 阳具 的 。 只有 清朝 才 是 睾丸 阳具 一起 割 完 的 。,1,0.9976626634597778,
56641157974,如果请不了原班人马，别他妈的瞎搞！狗日的导演,如果 请 不了 原班人马 ， 别 他妈的 瞎搞 ！ 狗日的 导演,1,0.999993085861206,
56698294969,我只想问，我不家的时候，我老婆夜深在床上跟人老情人聊天，发了很多睡衣照是什么意思，那狗吊还在四百公里之外说开车来我家，半夜三点钟到,我 只想 问 ， 我 不 家 的 时候 ， 我 老婆 夜深 在 床上 跟人 老 情人 聊天 ， 发 了 很多 睡衣 照 是 什么 意思 ， 那 狗 吊 还 在 四 百公里 之外 说 开车 来 我家 ， 半夜 三点钟 到,1,0.4844585657119751,
56653237211,姑娘我撸完上一本了，我最近突然想撸民国的文,姑娘 我 撸 完 上 一本 了 ， 我 最近 突然 想 撸 民国 的 文,1,0.8786138892173767,
56651291679,男人不是东西，只有啪啪没有真爱，我怀胎欺间，老公居然在一个手机软件wei(喂)wei助理），下单叫妹子出来陪唱歌，唱到家里床上来了，离婚没有话说了。,男人 不是 东西 ， 只有 啪啪 没有 真爱 ， 我 怀胎 欺间 ， 老公 居然 在 一个 手机软件 wei ( 喂 ) wei 助理 ） ， 下单 叫 妹子 出来 陪 唱歌 ， 唱到 家里 床上 来了 ， 离婚 没有 话 说了 。,1,0.9496338963508606,
56645439425,这不是瞎溜逼吗。农村不都是这样吗，往上倒三代咱们都是农村人。农村就不适宜人居住？,这 不是 瞎溜 逼 吗 。 农村 不 都 是 这样 吗 ， 往上 倒 三代 咱们 都 是 农村 人 。 农村 就 不 适宜 人 居住 ？,1,0.27212393283843994,
56673591448,靠胸上位，自然因胸失宠。,靠 胸 上位 ， 自然 因 胸失宠 。,1,0.9999421834945679,
56687675819,黑男加了这么多美女，他到底长啥逼样呀？有知道的吗？,黑 男 加 了 这么 多 美女 ， 他 到底 长 啥 逼 样 呀 ？ 有 知道 的 吗 ？,1,0.9999399185180664,
56706743002,扯蛋,扯蛋,1,0.9987754225730896,
56650557607,狗东西干你妈的,狗东西 干你妈 的,1,0.9952390193939209,
56629035564,麻痹的，怪物一个。,麻痹 的 ， 怪物 一个 。,1,0.9981507658958435,
56706709969,男人打熬精力最好的方法就是跑步，跑步的男人一般都是性功能好的人,男人 打熬 精力 最好 的 方法 就是 跑步 ， 跑步 的 男人 一般 都 是 性功能 好 的 人,1,0.4076782166957855,
56645185132,反对有麻批的用啊！,反对 有 麻 批 的 用 啊 ！,1,0.999228835105896,
56703768031,拖出去啪啪啪一顿，就听话了！,拖 出去 啪啪啪 一顿 ， 就 听话了 ！,1,0.6525851488113403,
56641825312,日本鬼子飞你妈导演他妈裤裆里，拍这没骨气乐色，你是日本人揍的吗？还你妈逼要脸妈？导演是狗揍出来的吗？！！！,日本鬼子 飞 你 妈 导演 他 妈 裤裆 里 ， 拍 这 没骨气 乐 色 ， 你 是 日本人 揍 的 吗 ？ 还 你 妈 逼 要脸 妈 ？ 导演 是 狗揍 出来 的 吗 ？ ！ ！ ！,1,0.8299798369407654,
56640966122,满屏的屁股。,满屏 的 屁股 。,1,0.6479583978652954,
56668096469,评论底下黑成龙大哥的生孩子没屁眼，同意的右上角,评论 底下 黑 成龙 大哥 的 生孩子 没 屁眼 ， 同意 的 右上角,1,0.0009874907555058599,
56687103727,简直就是放屁，贵的要死，狗日的居然说不贵，妈的你是人是鬼啊！,简直 就是 放屁 ， 贵 的 要死 ， 狗日的 居然 说 不贵 ， 妈 的 你 是 人 是 鬼 啊 ！,1,0.9998966455459595,
56706920927,不是又有很多科学家说，经期性爱无影响，反而有利于身体健康吗？简直不知道到底也没有问题了。虽然我也不会做。。。。。。,不是 又 有 很多 科学家 说 ， 经期 性爱 无 影响 ， 反而 有利于 身体 健康 吗 ？ 简直 不 知道 到底 也 没有 问题 了 。 虽然 我 也 不会 做 。 。 。 。 。 。,1,1.0,
56684744839,麻痹  的  奶牛招你惹你了  你打人家  老师说过要爱护动物,麻痹   的   奶牛 招 你 惹 你 了   你 打人 家   老师 说 过 要 爱护动物,1,0.9777227640151978,
56683596148,把腿打开,把 腿 打开,1,0.8130325675010681,
56690558007,戴着美瞳和海绵垫的女兵？专门给男兵吸精的吧？,戴 着 美瞳 和 海绵垫 的 女兵 ？ 专门 给 男 兵 吸 精 的 吧 ？,1,0.9832853674888611,
56705393312,干一宿多少钱啊,干 一宿 多少 钱 啊,1,0.6347038149833679,
56693658968,狗日的日本人的黑科技是整得好哎，牛逼。,狗日的 日本人 的 黑 科技 是 整 得 好 哎 ， 牛逼 。,1,0.9999728202819824,
56648423963,完了，大腚算是废了，一点也没有布偶的优雅，就是一不良少年,完了 ， 大腚 算是 废 了 ， 一点 也 没有 布偶 的 优雅 ， 就是 一 不良少年,1,0.5693457126617432,
56665953376,有事秘书干，没事干秘书。,有事 秘书 干 ， 没事 干 秘书 。,1,0.9983193278312683,
56641259881,车震不行。不喜欢。,车震 不行 。 不 喜欢 。,1,1.0,
56701025901,去尼玛币放了半天屁！没人懂,去 尼玛币 放 了 半天屁 ！ 没 人 懂,1,0.9800666570663452,
56713444709,那B坚决封杀否则非把娛乐圈搞乱不可,那 B 坚决 封杀 否则 非 把 娛乐圈 搞乱 不可,1,0.9977455735206604,
56640530097,圣母婊死远点。捐你妈逼,圣母 婊 死远点 。 捐 你 妈 逼,1,0.9999995231628418,
56647656869,国你妈卖逼的！发改委是脑子烧坏了还是喝油喝多了，你妈逼的都是些没用的东西，定些什么鸡巴破规矩,国 你 妈 卖 逼 的 ！ 发改委 是 脑子 烧坏 了 还 是 喝 油 喝 多 了 ， 你 妈 逼 的 都 是 些 没用 的 东西 ， 定 些 什么 鸡巴 破 规矩,1,1.0,
56641916275,没有性爱的婚姻是不道德的,没有 性爱 的 婚姻 是 不 道德 的,1,1.0,
56655189882,好久没有作了，手机下载手机软件（见用户名），下单约了一个附近女生，正在啪啪时，我问，你怎么不叫？你怎么不动？可我已结束了，不争气呀。。。。。。需要一个叫和动的理由啊，真的需要啊 ,好久 没有 作 了 ， 手机 下载 手机软件 （ 见 用户名 ） ， 下单 约 了 一个 附近 女生 ， 正在 啪啪 时 ， 我 问 ， 你 怎么 不 叫 ？ 你 怎么 不动 ？ 可 我 已 结束 了 ， 不争气 呀 。 。 。 。 。 。 需要 一个 叫 和 动 的 理由 啊 ， 真 的 需要 啊,1,0.7908040285110474,
56640396963,小便弄清了在发出来，你们的嘴也不能像妓女的裤裆一样松吧，你自己查查，关于上官鹏飞的死因是什么？你们头条上有。,小便 弄清 了 在 发 出来 ， 你们 的 嘴 也 不能 像 妓女 的 裤裆 一样 松 吧 ， 你 自己 查查 ， 关于 上官鹏飞 的 死因 是 什么 ？ 你们 头条 上 有 。,1,1.0,
56701821753,小便你麻痹！举报你个比玩意了！,小便 你 麻痹 ！ 举报 你 个 比 玩意 了 ！,1,0.9998494386672974,
56674635824,抄乐天家封它个狗日的门,抄 乐天 家 封 它 个 狗日的 门,1,0.9999897480010986,
56683881713,胸罩太明显了,胸罩 太 明显 了,1,0.8992672562599182,
56668072346,她大战你妈的腿板，哈哈哈哈,她 大战 你 妈 的 腿 板 ， 哈哈哈哈,1,0.496410995721817,
56667502741,我先睡会，老美走了，再叫醒我，我捶他狗日的，丫丫的，敢来犯我领海，睡醒看走没走。没走，继续睡。谁惹我，我上打工商，下打农，吹牛逼宇宙第一，不服就来，来了我继续睡。,我 先睡会 ， 老美 走了 ， 再 叫醒 我 ， 我 捶 他 狗日的 ， 丫丫 的 ， 敢 来犯 我 领海 ， 睡醒 看 走 没 走 。 没 走 ， 继续 睡 。 谁 惹 我 ， 我 上 打 工商 ， 下 打 农 ， 吹牛 逼 宇宙 第一 ， 不服 就 来 ， 来了 我 继续 睡 。,1,0.9999750852584839,
56714937039,狗日的！！不知道怎么骂了，反正，就不买小日本的东西。,狗日的 ！ ！ 不 知道 怎么 骂 了 ， 反正 ， 就 不 买 小 日本 的 东西 。,1,0.9999778270721436,
56708959409,笑笑就好，笑你麻痹,笑笑 就 好 ， 笑 你 麻痹,1,0.9959004521369934,
56677093676,出来是解脱，但做妓也是迫于无奈,出来 是 解脱 ， 但 做 妓 也是 迫于 无奈,1,0.15393796563148499,
56641707677,应该问穿什么最有骚气？,应该 问 穿 什么 最 有 骚气 ？,1,0.7693219184875488,
56670304630,口头谴责没用啊，韩狗曰不把它打痛不行啊！,口头 谴责 没用 啊 ， 韩 狗 曰 不 把 它 打 痛 不行 啊 ！,1,0.9997379183769226,
56705201579,关婷娜是个很能干的女人！,关婷娜 是 个 很 能干 的 女人 ！,1,0.10750997066497803,
56648863807,真是不要个逼脸了,真是 不要 个 逼 脸 了,1,0.9999998807907104,
56711456325,好你妈逼,好 你 妈 逼,1,0.9999995231628418,
56625988198,一天了，，为什么没有给我点赞的呀。。。。为i第十八个点赞的吸大唧唧。。。说到做到,一天 了 ， ， 为什么 没有 给 我 点赞 的 呀 。 。 。 。 为 i 第十八个 点赞 的 吸 大 唧唧 。 。 。 说到做到,1,0.547609269618988,
56653873508,装的一手好逼啊。你长的也不像开豪车的，就算给你个法拉利开又怎样,装 的 一手 好 逼 啊 。 你 长 的 也 不 像 开 豪车 的 ， 就算 给你个 法拉利 开 又 怎样,1,0.9906015396118164,
56704213907,客人，去他妈的B玩意，几百米，摆你妈的谱，作的，是吧，一耳刮子打死你，开车的儿，你妈那么大年纪，你年纪也不小了吧，亏你仙人，有原则不？👎你个龟头儿子。,客人 ， 去 他妈的 B 玩意 ， 几百米 ， 摆 你 妈 的 谱 ， 作 的 ， 是 吧 ， 一 耳刮子 打死 你 ， 开车 的 儿 ， 你 妈 那么 大 年纪 ， 你 年纪 也 不 小 了 吧 ， 亏 你 仙人 ， 有 原则 不 ？ 👎 你 个 龟头 儿子 。,1,0.9999994039535522,
56698023762,跟皇帝办事儿，前戏都应该是这些娘娘们主动让皇帝爽，皇上才不会管她们呢！所以这样洗是为了弥补介个缺憾嘻嘻……,跟 皇帝 办 事儿 ， 前戏 都 应该 是 这些 娘娘 们 主动 让皇帝 爽 ， 皇上 才 不会 管 她们 呢 ！ 所以 这样 洗 是 为了 弥补 介个 缺憾 嘻嘻 … …,1,1.0,
56664903888,我想上景甜，图二胸挺大的，我喜欢，王思聪多要让她三分，我半分多不让她。如果我们这些人民群众老百姓支持她，她是谁叫什么多没人认识她。,我 想 上 景甜 ， 图 二 胸 挺 大 的 ， 我 喜欢 ， 王思聪 多 要 让 她 三分 ， 我 半分 多 不让 她 。 如果 我们 这些 人民 群众 老百姓 支持 她 ， 她 是 谁 叫 什么 多 没 人 认识 她 。,1,1.0,
56660477241,花那么多钱找一个非处二手烂黑逼实在是不值得 我还是去找小姐吧 想要孩子找个代孕就OK了,花 那么 多 钱 找 一个 非 处 二手 烂 黑 逼 实在 是 不值得 我 还 是 去 找 小姐 吧 想要 孩子 找 个 代孕 就 OK 了,1,1.0,
56633867702,一个没演技一个没鸡鸡！但人家是天上过我是地上活！瓜吃完了～,一个 没 演技 一个 没 鸡鸡 ！ 但 人 家 是 天上 过 我 是 地上 活 ！ 瓜 吃 完了 ～,1,0.9747763872146606,
56688238150,毛主席一穷二白敢打狗日的！关键是勇气和决心！,毛主席 一穷二白 敢 打 狗日的 ！ 关键 是 勇气 和 决心 ！,1,0.9999340772628784,
56640584183,房子 房子 房子 去你妈了个b的,房子 房子 房子 去 你 妈 了 个 b 的,1,0.9975257515907288,
56640426134,只作秀不做事有吊用，,只 作秀 不 做事 有 吊 用 ，,1,0.9981185793876648,
56649882951,这男的多帅了     还出去找男人     贱女人    骚货,这 男 的 多 帅 了         还 出去 找 男人         贱 女人       骚货,1,0.9999924898147583,
56645284232,啥也别说了，哥来把你小穴玩的不要不要的,啥 也 别说 了 ， 哥 来 把 你 小穴 玩 的 不要 不要 的,1,0.9884096384048462,
56632999052,爱爱爱还有人么？刚刚刚刚用保健店买的玩具，高朝了，继续自卫到明天天亮！！明天谁能带我出去玩玩，活好是重点,爱爱爱 还有 人 么 ？ 刚刚 刚刚 用 保健 店 买 的 玩具 ， 高 朝 了 ， 继续 自卫 到 明天 天亮 ！ ！ 明天 谁 能带 我 出去 玩玩 ， 活 好 是 重点,1,0.2572745680809021,
56629709688,马老师你对睾丸的理解研究这么多年也是拼了，尿性，，，,马 老师 你 对 睾丸 的 理解 研究 这么 多年 也是 拼 了 ， 尿性 ， ， ，,1,0.025453051552176476,
56670521885,马勒戈壁的，现在真奇了个怪了，做坏事的人怎么这么理直气壮的了呢？越发扬正能量，邪气越大了，为什么呢？还有天理吗？,马勒 戈壁 的 ， 现在 真奇 了 个 怪 了 ， 做 坏事 的 人 怎么 这么 理直气壮 的 了 呢 ？ 越 发扬 正能量 ， 邪气 越 大了 ， 为什么 呢 ？ 还有 天理 吗 ？,1,1.0,
56714586168,你妈的！就这一个镜头！你怎么不射你妈啊！,你 妈 的 ！ 就 这 一个 镜头 ！ 你 怎么 不 射 你 妈 啊 ！,1,0.9965453743934631,
56671492057,麻痹的，这次又想骗我去非洲，上次骗我去迪拜的事还没找你啊。,麻痹 的 ， 这 次 又 想 骗 我 去 非洲 ， 上次 骗 我 去 迪拜 的 事 还 没 找 你 啊 。,1,0.9971241354942322,
56712527821,你们知道吗。。。。为什么看到我是白虎就冷落我啊。。。。😚😚,你们 知道 吗 。 。 。 。 为什么 看到 我 是 白虎 就 冷落 我 啊 。 。 。 。 😚 😚,1,0.7623233795166016,
56714131026,胸大了,胸 大了,1,1.0,
56682791070,那两个鸡蛋真圆、真大、真丰满！,那 两个 鸡蛋 真 圆 、 真 大 、 真 丰满 ！,1,0.0743558257818222,
56660240006,我现在这个女朋友就这样哦，头痛哦！啥都好说！啪啪啪不能谈。说结婚了以后再谈这个问题！所以我打算这两天把她娶了！,我 现在 这个 女 朋友 就 这样 哦 ， 头痛哦 ！ 啥 都 好 说 ！ 啪啪啪 不能 谈 。 说 结婚 了 以后 再 谈 这个 问题 ！ 所以 我 打算 这 两天 把 她 娶 了 ！,1,0.946583092212677,
56640358584,唱首歌吗？搞的给三级片一样。有本事就別穿衣服。,唱首歌 吗 ？ 搞 的 给 三级片 一样 。 有 本事 就 別 穿衣服 。,1,0.319541871547699,
56671180202,小脸喝的红光满面性致勃勃招了几个男优,小 脸 喝 的 红光满面 性 致 勃勃 招 了 几个 男优,1,0.0007194081554189324,
56672736323,男人不是东西，只有啪啪没有真爱，我怀胎欺间，老公居然在一个手机下载O畏O畏助理，下单叫妹子出来陪唱歌，唱到家里床上来了，离婚没有话说了。,男人 不是 东西 ， 只有 啪啪 没有 真爱 ， 我 怀胎 欺间 ， 老公 居然 在 一个 手机 下载 O畏 O畏 助理 ， 下单 叫 妹子 出来 陪 唱歌 ， 唱到 家里 床上 来了 ， 离婚 没有 话 说了 。,1,0.964454710483551,
56626411869,TM脑子有b,TM 脑子 有 b,1,0.1583212912082672,
56677280966,妈逼的记酱！天美不优化英雄皮肤特效，老是加一些没毛用的！,妈 逼 的 记酱 ！ 天 美 不 优化 英雄 皮肤 特效 ， 老是 加 一些 没 毛 用 的 ！,1,0.9064872860908508,
56704892645,我操你妈的，是不是要交80.120岁呢？,我 操你妈 的 ， 是不是 要 交 80.120 岁 呢 ？,1,1.0,
56636352318,采访的那个小子没有啥鸡巴毛事，采访的问题很无聊，变态,采访 的 那个 小子 没有 啥 鸡巴 毛 事 ， 采访 的 问题 很 无聊 ， 变态,1,1.0,
56639894588,怎么没摔死她个老b娘们，披着人皮说着鬼话,怎么 没 摔死 她 个 老 b 娘们 ， 披着 人 皮 说 着 鬼话,1,1.0,
56635333707,小麻批娃儿有志气，像我到年的风格。不读书劳资照样是老板。读大学有鸡儿的用啊,小 麻 批 娃儿 有志气 ， 像 我 到 年 的 风格 。 不 读书 劳资 照样 是 老板 。 读 大学 有 鸡儿 的 用 啊,1,0.9999758005142212,
56712603338,每年季后赛跟谁打都撕逼，你们累吗？真J8事妈！多说无益，凭实力赢了是不是给对手低调的打脸，郭氏叔侄这城府真感人……,每年 季后赛 跟 谁 打 都 撕逼 ， 你们 累 吗 ？ 真 J8 事 妈 ！ 多说无益 ， 凭 实力 赢 了 是不是 给 对手 低调 的 打 脸 ， 郭氏 叔侄 这 城府 真 感人 … …,1,1.0,
56702338626,中国邮政真他妈操蛋，自己没生意是有原因的。还老是打压别人。迟早会完蛋的。,中国邮政 真他妈 操蛋 ， 自己 没 生意 是 有 原因 的 。 还 老是 打压 别人 。 迟早 会 完蛋 的 。,1,0.9886609315872192,
56643101306,嗯！这胸好凶哦！,嗯 ！ 这 胸 好 凶哦 ！,1,0.9999932050704956,
56708605139,胸我喜欢,胸 我 喜欢,1,0.9999961853027344,
56684105027,一个也艹不上。没红或许对某个部位来说，或许是好事。,一个 也 艹 不上 。 没 红 或许 对 某个 部位 来说 ， 或许 是 好事 。,1,0.12832216918468475,
56709942739,骚货,骚货,1,0.9996232986450195,
56709030478,昨天强奸个很漂亮的美女，她哭的死去活来的。要报警抓我！我指了下 后面的摄像头，她笑着说，原来是恶搞啊！吓死我了,昨天 强奸 个 很 漂亮 的 美女 ， 她 哭 的 死去活来 的 。 要 报警 抓 我 ！ 我 指 了 下 后面 的 摄像头 ， 她 笑着 说 ， 原来 是 恶搞 啊 ！ 吓死 我 了,1,0.8874778151512146,
56669572076,查，狗日的你以为路是你家的，想怎么开就怎么开,查 ， 狗日的 你 以为 路 是 你家 的 ， 想 怎么 开 就 怎么 开,1,0.9998315572738647,
56654460583,没胸，丝袜差评,没 胸 ， 丝袜 差评,1,0.9999818801879883,
56642159522,老子进来是买飞机杯的，什么玩意儿,老子 进来 是 买 飞机杯 的 ， 什么 玩意儿,1,0.9999861717224121,
56666163651,少日一次吧，别影响孩子。,少 日 一次 吧 ， 别 影响 孩子 。,1,0.9990112781524658,
56663416159,乡土这个主持人最漂亮，胸大臀翘,乡土 这个 主持人 最 漂亮 ， 胸 大 臀翘,1,1.0,
56697239736,小编都说了是自慰用的，只是为了装逼，你们还要说他,小编 都 说了 是 自慰 用 的 ， 只 是 为了 装 逼 ， 你们 还要 说 他,1,1.0,
56677406197,这么好好的孩子怎么不去做鸡呢？,这么 好好 的 孩子 怎么 不 去 做 鸡 呢 ？,1,0.9071834087371826,
56710904977,怎么骚货这么多。,怎么 骚货 这么 多 。,1,0.999977707862854,
56693277068,一句话“我会给教主吹箫”,一句话 “ 我 会 给 教主 吹箫 ”,1,0.9956175088882446,
56645768652,能日天？,能 日 天 ？,1,0.9936916828155518,
56641722497,到底是看舞还是看奶。,到底 是看 舞 还 是看 奶 。,1,0.5195194482803345,
56682644328,这逼样的找他干嘛,这 逼 样 的 找 他 干嘛,1,0.9762179851531982,
56673556176,看看这一年下来要挨多少炮才攒这么多钱！,看看 这 一 年 下来 要 挨 多少 炮 才 攒 这么 多 钱 ！,1,0.8352929949760437,
56640730360,在中国，好多绝户人弄的绝户网，那里还有鱼，狗日的治理河道的只管拿工资也不管不问,在 中国 ， 好多 绝户 人 弄 的 绝户网 ， 那里 还有 鱼 ， 狗日的 治理 河道 的 只管 拿 工资 也 不管 不 问,1,0.09893189370632172,
56643394145,真的假的？你是在黑这个女人吧？不过这个女的绝对有潜力，骚到了骨髓,真的假的 ？ 你 是 在 黑 这个 女人 吧 ？ 不过 这个 女 的 绝对 有 潜力 ， 骚 到了 骨髓,1,0.9256339073181152,
56656213988,调皮的撕家，可爱的撕家，爱撩大腚的撕家😘😘😘,调皮 的 撕 家 ， 可爱 的 撕 家 ， 爱撩 大腚 的 撕 家 😘 😘 😘,1,0.512296199798584,
56628892356,有句吗卖批不知当讲不当讲,有 句 吗 卖 批 不 知 当 讲 不当 讲,1,0.3304068446159363,
56637155293,这子宫好强大,这 子宫 好 强大,1,0.31213968992233276,
56705795501,他妈的，这继母我和杀了这继母。。狗比东西,他妈的 ， 这 继母 我 和 杀 了 这 继母 。 。 狗 比 东西,1,0.49963468313217163,
56640813026,我哄你妈个丑逼,我 哄 你 妈 个 丑逼,1,0.7343682050704956,
56683286030,本人是166.50公斤 说实话 不仅腿没有她粗 胸也没有她大,本人 是 166.50 公斤 说实话 不仅 腿 没有 她 粗 胸 也 没有 她 大,1,0.9901156425476074,
56638945811,没有演技。可人家有床技。,没有 演技 。 可人 家 有 床 技 。,1,0.7905650734901428,
56672615078,意淫有屌用？,意淫 有 屌用 ？,1,0.22893118858337402,
56651751220,就算你说他壮阳我也不买，主要是卖相不行,就算 你说 他 壮阳 我 也 不 买 ， 主要 是 卖相 不行,1,0.4634360671043396,
56710313123,单亲妈妈，，，求真爱，，，，每晚能四次以上的叫我，，，请叫我美妇婆,单亲妈妈 ， ， ， 求 真爱 ， ， ， ， 每晚 能 四 次 以上 的 叫 我 ， ， ， 请 叫 我 美 妇婆,1,0.09802096337080002,
56643434988,其实好多男的也是！宁可打光棍也不娶烂逼！,其实 好多 男 的 也是 ！ 宁可 打光棍 也 不 娶 烂 逼 ！,1,0.8878471255302429,
56700240980,网管也不容易每次别人问他包夜多少钱，他只能默默地说八块,网管 也 不 容易 每次 别人 问 他 包夜 多少 钱 ， 他 只能 默默地 说 八块,1,0.6857876777648926,
56673843437,唱你妈的，这么难听。还叫神曲，还不如做鸡挣钱,唱 你 妈 的 ， 这么 难听 。 还 叫 神曲 ， 还 不如 做 鸡 挣钱,1,0.6739147901535034,
56707022009,在广州听到最多的是，扑街，索嗨，我丢，丢你老母,在 广州 听到 最 多 的 是 ， 扑街 ， 索嗨 ， 我 丢 ， 丢 你 老母,1,0.2477121651172638,
56675439638,骚的真是想举报！,骚 的 真是 想 举报 ！,1,0.8082366585731506,
56689382613,中国也不赖，高清抓拍技术冠领全球，你在车里摸奶子都逃不过。这一技术减轻了交警的工作负担，使他们上班只需坐办公室喝茶，同时，还大大增加了收入。,中国 也 不赖 ， 高清 抓拍 技术 冠 领 全球 ， 你 在 车里 摸 奶子 都 逃不过 。 这 一 技术 减轻 了 交警 的 工作 负担 ， 使 他们 上班 只 需 坐 办公室 喝茶 ， 同时 ， 还 大大 增加 了 收入 。,1,0.9717612862586975,
56626081875,看见爱剪辑三个字，我默默脱下了裤子。,看见 爱 剪辑 三 个字 ， 我 默默 脱下 了 裤子 。,1,0.17533691227436066,
56707627580,金星就很诡异，又不能开枪又不能打炮，干什么？,金星 就 很 诡异 ， 又 不能 开枪 又 不能 打炮 ， 干什么 ？,1,0.9708009958267212,
56638172147,现在的女演员不拍床上戏，就像不是女人。,现在 的 女演员 不 拍 床上 戏 ， 就 像 不是 女人 。,1,0.4921290874481201,
56646266311,老骚货，吃俺老孙一棒,老 骚货 ， 吃 俺 老孙 一 棒,1,0.8585503697395325,
56690349091,去你妈了个逼,去 你 妈 了 个 逼,1,0.9053454995155334,
56631116255,那逼才土妞，她比那逼强一万倍，她唱的歌大气，一般模仿不了的。,那 逼 才 土妞 ， 她 比 那 逼 强 一万 倍 ， 她 唱的歌 大气 ， 一般 模仿 不了 的 。,1,0.7329467535018921,
56677297918,什么屌狗屎专家,什么 屌 狗屎 专家,1,0.6383021473884583,
56709522420,前面这个跳得最骚气。😂😂😂😂,前面 这个 跳 得 最 骚气 。 😂 😂 😂 😂,1,0.8018630743026733,
56669250272,丰满的少妇,丰满 的 少妇,1,0.6930352449417114,
56643715727,我不介意，包夜玩玩就行了。,我 不 介意 ， 包夜 玩玩 就 行了 。,1,0.544387698173523,
56646344342,被干了怀孕不是很正常，就像小编爸爸干妈妈，不然怎么生小编？,被 干了 怀孕 不是 很 正常 ， 就 像 小编 爸爸 干 妈妈 ， 不然 怎么 生小编 ？,1,0.38360244035720825,
56668024458,导演，演员，广电总局，监管，这么好的素材你们不拍，一天拍你妈了个逼抗日神局，死去吧，养了圈吃干饭畜牲,导演 ， 演员 ， 广电总局 ， 监管 ， 这么 好 的 素材 你们 不 拍 ， 一天 拍 你 妈 了 个 逼 抗日 神 局 ， 死 去吧 ， 养 了 圈 吃干饭 畜牲,1,0.9888924956321716,
56648584173,中国不要怕，打它狗日的,中国 不要 怕 ， 打 它 狗日的,1,0.9999890327453613,
56701496988,操你妈的，这个渣男，拍摄者是死人吗？,操你妈 的 ， 这个 渣 男 ， 拍摄者 是 死人 吗 ？,1,1.0,
56634427597,砖家 脸皮 口活 天下无敌,砖家 脸皮 口 活 天下无敌,1,0.9997249245643616,
56641962882,就在昨天，我强奸了一名美女，完事后她哭闹着想要报警，我笑了笑指了指不远处的摄像头。 她笑了笑..原来是恶搞啊。,就在 昨天 ， 我 强奸 了 一名 美女 ， 完事 后 她 哭闹 着 想要 报警 ， 我 笑了笑 指 了 指 不远处 的 摄像头 。   她 笑了笑 .. 原来 是 恶搞 啊 。,1,0.18477749824523926,
56629708282,麻痹感觉美国才是社会主义吖。我们国家工会和工厂都是国家的。所以只是摆设！,麻痹 感觉 美国 才 是 社会主义 吖 。 我们 国家 工会 和 工厂 都 是 国家 的 。 所以 只 是 摆设 ！,1,0.7591084837913513,
56673462946,掏粪工怎么联系？我有业务麻痹马桶堵一星期了。,掏粪工 怎么 联系 ？ 我 有 业务 麻痹 马桶 堵 一 星期 了 。,1,0.9901330471038818,
56675270058,弄死个狗日的！黄骅的败类！,弄死 个 狗日的 ！ 黄骅 的 败类 ！,1,0.9999978542327881,
56705834315,屁股大,屁股 大,1,0.9248555302619934,
56638234209,我强奸你老婆也没关系，我们依然是兄弟,我 强奸 你 老婆 也 没关系 ， 我们 依然 是 兄弟,1,0.8975509405136108,
56659694513,扯蛋,扯蛋,1,0.9987754225730896,
56646670895,我老公以前肾也不好，有点早泄的现象。后来跟我闺蜜聊天的时候，她给我介绍的一款产品，效果还挺好呢，希望梦帮助大家,我 老公 以前 肾 也 不好 ， 有点 早泄 的 现象 。 后来 跟 我 闺蜜 聊天 的 时候 ， 她 给 我 介绍 的 一 款 产品 ， 效果 还 挺好 呢 ， 希望 梦 帮助 大家,1,0.9994763731956482,
56638987406,推在床上狠狠教育,推 在 床上 狠狠 教育,1,0.0723918229341507,
56695603645,胸小不代表。。闲着,胸 小 不 代表 。 。 闲着,1,0.9999991655349731,
56626216797,拜金女，活该！应该去做鸡！,拜金女 ， 活该 ！ 应该 去 做 鸡 ！,1,0.9776815176010132,
56640548534,渔网袜只适合穿在脚脖处 如果整腿穿 真的不好看 像站街女,渔网袜 只 适合 穿 在 脚脖 处 如果 整 腿 穿 真 的 不好 看 像 站街女,1,0.39762240648269653,
56686847019,无论男女，有才的都很骚。,无论 男女 ， 有才 的 都 很 骚 。,1,0.9925097227096558,
56629637155,说他骚的女人才是真的骚,说 他 骚 的 女人 才 是 真 的 骚,1,0.9998766183853149,
56651203047,这个比养的，应该把她折磨成精神崩溃，最好是用（电锯惊魂）里的方法。,这个 比 养 的 ， 应该 把 她 折磨 成 精神崩溃 ， 最好 是 用 （ 电锯惊魂 ） 里 的 方法 。,1,0.13809525966644287,
56690131361,不管怎么说，人家草过章子怡。,不管怎么 说 ， 人 家 草 过 章子怡 。,1,0.9341444969177246,
56638937097,放你妈群p，在这个忽悠老百姓。,放 你 妈 群 p ， 在 这个 忽悠 老百姓 。,1,0.9972304701805115,
56638257342,为什么看到我是白虎就冷落我啊,为什么 看到 我 是 白虎 就 冷落 我 啊,1,0.7115597128868103,
56641057925,胡歌就是想约炮,胡歌 就是 想 约 炮,1,0.9999985694885254,
56691690843,约会就是啪啪嘛，讲得这么文艺,约会 就是 啪啪 嘛 ， 讲 得 这么 文艺,1,0.21110932528972626,
56643728151,这样的公务员还少吗……麻痹的心里明白的点赞，国家好他妈强大,这样 的 公务员 还 少 吗 … … 麻痹 的 心里 明白 的 点赞 ， 国家 好 他 妈 强大,1,0.9897805452346802,
56646504646,评论尼玛的逼！那也是假的这也是假的！你也是假的！你妈和你舅舅搞的！,评论 尼玛 的 逼 ！ 那 也是 假 的 这 也是 假 的 ！ 你 也是 假 的 ！ 你 妈 和 你 舅舅 搞 的 ！,1,0.9593271613121033,
56641113189,这骚货送印度给阿三去。,这 骚货 送 印度 给 阿三 去 。,1,0.9997196793556213,
56626673940,你让我如何下得去屌，我还是喝啤酒吧,你 让 我 如何 下得去 屌 ， 我 还 是 喝 啤酒 吧,1,0.999474823474884,
56631853421,菊花终于上天了，离我们越来越远了,菊花 终于 上天 了 ， 离 我们 越来越 远 了,1,0.13230523467063904,
56691740704,玩女人超过100你就会对女人失去兴趣啦！都是贱逼！,玩 女人 超过 100 你 就 会 对 女人 失去 兴趣 啦 ！ 都 是 贱逼 ！,1,0.9989227652549744,
56689276855,狗日的，开战吧，气死我了！祖国万岁，人民万岁，执政党我就不说什么了！,狗日的 ， 开战 吧 ， 气死我了 ！ 祖国万岁 ， 人民 万岁 ， 执政党 我 就 不说 什么 了 ！,1,0.9998204112052917,
56670794352,我女儿四十多岁了，我还每晚抱着她睡觉,我 女儿 四十多岁 了 ， 我 还 每晚 抱着 她 睡觉,1,0.30876415967941284,
56643407413,民国大盗孙殿英都没动汉人王朝的墓 他个小B 竟然敢动,民国 大盗 孙殿英 都 没 动汉人 王朝 的 墓 他 个 小 B 竟然 敢动,1,0.9992367029190063,
56692946397,你 咋 不 加 俩 胸 垫 呢 ？😝,你 咋 不 加 俩 胸 垫 呢 ？ 😝,1,0.9999074935913086,
56678798482,扯你妈蛋！几十年了就一个健身广场，以前还有个体育场呢，不你特么也卖了改盖楼盘了，这里装尼玛啥B呀！政府装B小编你特么也装！沙壁！,扯 你 妈 蛋 ！ 几十年 了 就 一个 健身 广场 ， 以前 还有 个 体育场 呢 ， 不 你 特么 也 卖 了改 盖 楼盘 了 ， 这里 装尼玛啥B 呀 ！ 政府 装B 小编 你 特么 也 装 ！ 沙壁 ！,1,0.9984523057937622,
56643385996,吃多了.电死些狗日的,吃 多 了 . 电死 些 狗日的,1,0.9999916553497314,
56641053119,这个畜牲拖回去肯定是先奸后杀！！！！！！,这个 畜牲 拖 回去 肯定 是 先奸后杀 ！ ！ ！ ！ ！ ！,1,0.9974954128265381,
56683170113,现在的社会，戏子当道，你可以没有演技，没有文采，但是你必须要有胸、胸、胸！有胸就有奶，有奶就是娘！哦哦耶！,现在 的 社会 ， 戏子 当道 ， 你 可以 没有 演技 ， 没有 文采 ， 但是 你 必须 要 有 胸 、 胸 、 胸 ！ 有 胸 就 有 奶 ， 有 奶 就是 娘 ！ 哦哦耶 ！,1,0.9966187477111816,
56683066760,很骚吗？姐姐比你更骚😍😍,很 骚 吗 ？ 姐姐 比 你 更 骚? ?😍,1,0.9993289709091187,
56640041706,花逼,花 逼,1,0.9999791383743286,
56634139979,滴滴迟早完蛋！狗日的！,滴滴 迟早 完蛋 ！ 狗日的 ！,1,0.9999396800994873,
56713801643,你自以为生了三胞胎就不得了，卖屁眼肥噻，这下把你孩子害死了。你猪头你老公也是猪头，报警噻让你前夫坐牢，又培钱。,你 自以为 生 了 三胞胎 就 不得了 ， 卖 屁眼 肥噻 ， 这下 把 你 孩子 害死 了 。 你 猪头 你 老公 也是 猪头 ， 报警 噻 让 你 前夫 坐牢 ， 又 培 钱 。,1,0.9974377155303955,
56692797337,滚你妈逼小编！小麦，水稻，玉米都没有涨价，高铁涨什么价呢？这不是坑害老百姓吗！,滚 你 妈 逼 小编 ！ 小麦 ， 水稻 ， 玉米 都 没有 涨价 ， 高铁 涨 什么 价 呢 ？ 这 不是 坑害 老百姓 吗 ！,1,0.9990118741989136,
56705853318,这就是扯蛋,这 就是 扯蛋,1,0.9997790455818176,
56685283076,一天到晚就不满，抗议。有毛用。打它狗日的。,一天到晚 就 不满 ， 抗议 。 有毛 用 。 打 它 狗日的 。,1,0.9999828338623047,
56647898517,你纯粹扯蛋！,你 纯粹 扯蛋 ！,1,0.9998524188995361,
56651880549,我日你大爷小编，这他么是洗盘吗？这是摔盘,我 日 你 大爷 小编 ， 这 他么 是 洗盘 吗 ？ 这 是 摔 盘,1,0.9998537302017212,
56675267434,又吹你妈的死牛逼，鸡巴后果，中央这些废物不吹牛逼会死吗，天天哄自己人,又 吹 你 妈 的 死牛逼 ， 鸡巴 后果 ， 中央 这些 废物 不 吹牛 逼 会死 吗 ， 天天 哄 自己人,1,1.0,
56638870290,马勒戈壁，就这剧情居然让老子看的热泪盈眶，这样的女孩真的不多了,马勒 戈壁 ， 就 这 剧情 居然 让 老子 看 的 热泪盈眶 ， 这样 的 女孩 真 的 不多 了,1,1.0,
56670454001,图一那乳房四只手也玩不了一个,图 一 那 乳房 四 只 手 也 玩 不了 一个,1,0.9955083131790161,
56676745533,淫时撸如魔，抽时圣如仙，现在的人都是自已可以作，别人作不得，为什么要锁，先锁男人的，我老公手机下载手机下载O畏O畏助理，下单约姑娘，约到家里来了，不但要锁，还要切掉。,淫 时 撸 如 魔 ， 抽 时 圣如仙 ， 现在 的 人 都 是 自已 可以 作 ， 别人 作 不得 ， 为什么 要 锁 ， 先 锁 男人 的 ， 我 老公 手机 下载 手机 下载 O畏 O畏 助理 ， 下单 约 姑娘 ， 约 到 家里 来了 ， 不但 要 锁 ， 还要 切掉 。,1,0.9240360260009766,
56642922940,扯蛋,扯蛋,1,0.9987754225730896,
56639192151,性感尤物,性感 尤物,1,0.27122068405151367,
56643073891,胡说八道，就一条大码的内裤就能防病，扯蛋。,胡说八道 ， 就 一条 大 码 的 内裤 就 能 防病 ， 扯蛋 。,1,0.9997814297676086,
56670898685,老骚婆作死!害死男孩一家和自已儿女!恶心死了!,老 骚婆 作死 ! 害死 男孩 一家 和 自已 儿女 ! 恶心 死 了 !,1,0.6238250732421875,
56644051976,用户名:ZT造型设计总监 你妈 卖淫被抓了！速回速回！你个有娘生 靠你头条爹们养的杂碎！他爹们 请点赞 我替这傻孩子祝福你们身体健康！万事顺意！,用户名 : ZT 造型 设计 总监 你 妈 卖淫 被 抓 了 ！ 速回 速回 ！ 你 个 有 娘 生 靠 你 头条 爹 们 养 的 杂碎 ！ 他 爹 们 请 点赞 我 替 这 傻孩子 祝福 你们 身体 健康 ！ 万事顺意 ！,1,0.7702599167823792,
56655265829,打过台湾先奸后杀,打过 台湾 先奸后杀,1,0.9980419874191284,
56626996533,屁股太大真心不喜欢,屁股 太 大 真心 不 喜欢,1,0.9980383515357971,
56643895706,一人饮酒我独醉，天佑他妈和万人睡,一人 饮酒 我 独 醉 ， 天佑 他 妈 和 万 人 睡,1,0.7786429524421692,
56697213970,我说我去上厕所，你以为我真的上厕所，不存在的！其实我是去打飞机，哎！这就很舒服了。,我 说 我 去 上 厕所 ， 你 以为 我 真 的 上 厕所 ， 不 存在 的 ！ 其实 我 是 去 打飞机 ， 哎 ！ 这 就 很 舒服 了 。,1,0.9997363686561584,
56653297722,这国家就不管了，，，就可以了，操你妈的，,这 国家 就 不管 了 ， ， ， 就 可以 了 ， 操你妈 的 ，,1,1.0,
56641683355,人称范公交,人称 范 公交,1,0.9995743632316589,
56664713792,一帮畜牲当官，天天空喊口号，忽悠散户，让老百姓买单，狗日的不得好死,一 帮 畜牲 当官 ， 天天 空喊 口号 ， 忽悠 散户 ， 让 老百姓 买单 ， 狗日的 不得好死,1,0.9997833371162415,
56664668379,不够骚啊，原创又骚，又浪！娘的一匹,不够 骚 啊 ， 原创 又 骚 ， 又 浪 ！ 娘 的 一匹,1,0.9998910427093506,
56649770091,我媳妇海绵胸罩也没那莫大，真羡慕,我 媳妇 海绵 胸罩 也 没 那 莫大 ， 真 羡慕,1,0.8749365210533142,
56713374487,啥鸡巴用！日本侵犯中华，争钓鱼岛，中国能咋地！谴责谴责，声明声明！看这些资料和电视剧都来气！,啥 鸡巴 用 ！ 日本 侵犯 中华 ， 争 钓鱼岛 ， 中国 能 咋地 ！ 谴责 谴责 ， 声明 声明 ！ 看 这些 资料 和 电视剧 都 来气 ！,1,1.0,
56692348483,六年前的艳照门？？，日你妈的小编瞎扯淡,六 年 前 的 艳照门 ？ ？ ， 日 你 妈 的 小编 瞎 扯淡,1,1.0,
56650008596,艹你妈，还设置权限，老子就骂你,艹 你 妈 ， 还 设置 权限 ， 老子 就 骂 你,1,0.6584856510162354,
56629293596,车震不错哦！,车震 不错 哦 ！,1,1.0,
56689118487,打倒狗日的小日本，还想来欺负我们。没门，，，，，，，,打倒 狗日的 小 日本 ， 还 想来 欺负 我们 。 没门 ， ， ， ， ， ， ，,1,0.9999997615814209,
56641166346,妈了个巴子,妈 了 个 巴子,1,0.9869630932807922,
56636959942,这种猪脑子千万别操逼！操出来又是弱智猪一样的撒别一头,这种 猪脑子 千万别 操逼 ！ 操 出来 又 是 弱智 猪 一样 的 撒别 一头,1,0.1933089643716812,
56648172043,装吊,装 吊,1,0.20029108226299286,
56643874496,美国大兵都把军队开到南海和台湾了，买不买你自己看着办吧， 惊艳你麻痹呀，美国大兵都把军队开到你家门口了，还你麻痹舔人家屁眼啊,美国大兵 都 把 军队 开到 南海 和 台湾 了 ， 买 不 买 你 自己 看着 办 吧 ，   惊艳 你 麻痹 呀 ， 美国大兵 都 把 军队 开到 你 家门口 了 ， 还 你 麻痹 舔 人 家 屁眼 啊,1,0.9926624298095703,
56685560070,你这儿子狗几巴不是,你 这 儿子 狗 几 巴 不是,1,0.9999978542327881,
56628791174,**老公20以前会跑马，25之前学会了打飞机。25岁之后有老婆了，天天都精力不够，累的很。哪还会跑马幸好看了（贺皮林抗战历程）现在每天精力旺盛 生机勃勃。,* * 老公 20 以前 会 跑马 ， 25 之前 学会 了 打飞机 。 25 岁 之后 有 老婆 了 ， 天天 都 精力 不够 ， 累 的 很 。 哪 还 会 跑马 幸好 看 了 （ 贺皮林 抗战 历程 ） 现在 每天 精力 旺盛 生机勃勃 。,1,0.9991908669471741,
56641434338,嬴（淫）荡表示不服！！！！,嬴 （ 淫 ） 荡 表示 不服 ！ ！ ！ ！,1,0.9589328169822693,
56643814740,去你妈逼的,去 你 妈 逼 的,1,0.999749481678009,
56646505568,仙你大爷、肚皮舞最早是妓女们跳的舞！,仙 你 大爷 、 肚皮舞 最早 是 妓女 们 跳 的 舞 ！,1,0.9999982118606567,
56645358345,这老头还能搞到处女呢,这 老头 还 能 搞到 处女 呢,1,0.45663154125213623,
56639396469,你麻痹的，既然曝光了，干嘛还可能叫山东舰，用你在这瞎bb,你 麻痹 的 ， 既然 曝光 了 ， 干嘛 还 可能 叫 山东 舰 ， 用 你 在 这 瞎 bb,1,0.9720016121864319,
56642215032,先收回太平岛，给狗日的台独提提醒了,先 收回 太平岛 ， 给 狗日的 台独 提 提醒 了,1,0.9992693066596985,
56659587611,可能是假胸 充氣那種,可能 是 假 胸 充氣 那種,1,1.0,
56651948445,魏锐算什么，我跟我老婆一晚上三十回合不分胜负,魏锐 算什么 ， 我 跟 我 老婆 一 晚上 三十 回合 不分胜负,1,0.7451106309890747,
56634263989,瞎逼白话，放屁回家放去,瞎 逼 白话 ， 放屁 回家 放 去,1,0.9924725294113159,
56697125661,唉啥都不说了 烈火奶奶要是真开妓院 砸锅卖铁也得去捧场,唉 啥 都 不 说了 烈火 奶奶 要 是 真 开 妓院 砸锅卖铁 也 得 去 捧场,1,0.977068305015564,
56648456026,看这屌男的你麻痹会不会打人？从上往下砸比直拳力量小太多了。直拳不有下勾拳应该用上。,看 这 屌 男 的 你 麻痹 会不会 打人 ？ 从 上 往下 砸 比 直拳 力量 小 太多 了 。 直拳 不 有 下 勾拳 应该 用上 。,1,0.9449259042739868,
56642875246,P得一手好图。淫得一手好湿。,P 得 一手好图 。 淫 得 一手 好 湿 。,1,0.9683535695075989,
56709428655,刚刚和爸爸爱爱完，刚刚打响2017年第一炮啊！！,刚刚 和 爸爸 爱爱 完 ， 刚刚 打响 2017年 第一 炮 啊 ！ ！,1,0.8884676098823547,
56684819127,刀锋好像被人日了一样,刀锋 好像 被 人 日 了 一样,1,0.15167367458343506,
56674622236,奇了怪了！外国产品到了共产党统治下的国度，给人民的价格奇高！操他妈了个狗逼！,奇 了 怪 了 ！ 外国 产品 到了 共产党 统治 下 的 国度 ， 给 人民 的 价格 奇 高 ！ 操 他 妈 了 个 狗 逼 ！,1,0.5371058583259583,
56690786366,😂妈妈在避孕套上戳了东😄,? ? 妈妈 在 避孕套 上 戳 了 东😄,1,0.6945044994354248,
56643018789,破逼烂事一堆,破 逼 烂 事 一堆,1,0.894059956073761,
56693607771,强奸判几年，那个屌大的说一下？,强奸 判 几年 ， 那个 屌 大 的 说 一下 ？,1,0.9596583843231201,
56707644866,骚婆,骚婆,1,0.5839160680770874,
56691287498,狗日的小日本,狗日的 小 日本,1,0.35704919695854187,
56672751435,范冰冰怀过洪金宝的小孩，当时是在北京医院打胎的，成龙也包养过范冰冰，知道的举手！,范冰冰 怀 过 洪金宝 的 小孩 ， 当时 是 在 北京医院 打胎 的 ， 成龙 也 包养 过 范冰冰 ， 知道 的 举手 ！,1,0.2091236710548401,
56706841174,这种兔牙妹口爆的时候一定要小心！,这种 兔牙妹 口爆 的 时候 一定 要 小心 ！,1,0.8648245334625244,
56673742099,滴你妈逼，老子不跑,滴 你 妈 逼 ， 老子 不 跑,1,0.9855148792266846,
56674833156,把那狗日的手剁了，我也干过一天快递就一天我就知道其中的苦了，愿快递哥早点康复！,把 那 狗日的 手 剁 了 ， 我 也 干 过 一天 快递 就 一天 我 就 知道 其中 的 苦 了 ， 愿 快递哥 早点 康复 ！,1,0.21840320527553558,
56642135493,周秀娜怎么好像胸好小,周秀娜 怎么 好像 胸 好 小,1,0.9849339723587036,
56635488350,中国篮球管理人员的无能！中国人打球用亚洲球员干个鸡巴！,中国篮球 管理 人员 的 无能 ！ 中国 人 打球 用 亚洲 球员 干 个 鸡巴 ！,1,0.8065676689147949,
56653279737,，你妈个逼！五六万的车想和奔驰宝马比！,， 你 妈 个 逼 ！ 五六万 的 车 想 和 奔驰 宝马 比 ！,1,0.9341984391212463,
56641690983,人家给一个屁股，中国的喷子们才不泄粪了，若是给一个肛门会怎样？,人 家给 一个 屁股 ， 中国 的 喷子 们 才 不 泄粪 了 ， 若 是 给 一个 肛门 会 怎样 ？,1,0.8808478116989136,
56626066638,1111还在用手？我是在校生，刚刚用保健店买的玩具，两条腿都站不直了，明天谁能带我出去玩玩，活好是重点。好久建建,1111 还 在用 手 ？ 我 是 在校生 ， 刚刚 用 保健 店 买 的 玩具 ， 两条腿 都 站 不 直 了 ， 明天 谁 能带 我 出去 玩玩 ， 活 好 是 重点 。 好久 建 建,1,0.02184891141951084,
56688879100,宁愿家里打飞机，不愿为逼做狗奴，天生我材必有用，拔出宝剑杀美人！,宁愿 家里 打飞机 ， 不 愿为 逼 做 狗奴 ， 天生我材必有用 ， 拔出 宝剑 杀 美人 ！,1,0.9449830651283264,
56640406613,BOOM J8什么鬼？,BOOM J8 什么 鬼 ？,1,0.9995427131652832,
56712126047,真丰满，我就喜欢丰满的穿丝袜＋高跟,真 丰满 ， 我就喜欢 丰满 的 穿 丝袜 ＋ 高跟,1,0.44636261463165283,
56673243884,水多活好,水 多 活 好,1,0.8762929439544678,
56690057717,你想装犊子可以  俩人打架 打了就打了 没什么大不了的 但是尼玛的你没那能耐打完人跑了  你说你装你妈了个巴子啊  你打完人坐家等着警察上门你是牛逼  打完人跑路了  你就是虎逼啊,你 想 装 犊子 可以   俩 人 打架 打 了 就 打 了 没什么 大不了 的 但是 尼玛 的 你 没 那 能耐 打完 人 跑 了   你说 你 装 你 妈 了 个 巴子 啊   你 打完 人 坐 家 等着 警察 上门 你 是 牛逼   打完 人 跑路 了   你 就是 虎 逼 啊,1,0.5882265567779541,
56710849580,宁静这个娘们儿我喜欢你,宁静 这个 娘们儿 我 喜欢你,1,0.9999426603317261,
56655539381,小编，吹刘逼,小编 ， 吹 刘 逼,1,0.981173574924469,
56702846639,今天步子跨大了，好像扯着蛋蛋，好痛～～～,今天 步子 跨 大了 ， 好像 扯 着 蛋蛋 ， 好 痛 ～～ ～,1,0.9302071332931519,
56680218695,好吧，处女。。。。。。,好吧 ， 处女 。 。 。 。 。 。,1,0.49432680010795593,
56663131241,冷你麻痹 ，还是在涨,冷 你 麻痹 ， 还 是 在 涨,1,0.9971596002578735,
56634658642,啊啊啊啊啊还有人么？刚刚刚刚用保健店买的玩具，高朝了，继续自卫到明天天亮！！明天谁能带我出去玩玩，活好是重点,啊啊 啊啊啊 还有 人 么 ？ 刚刚 刚刚 用 保健 店 买 的 玩具 ， 高 朝 了 ， 继续 自卫 到 明天 天亮 ！ ！ 明天 谁 能带 我 出去 玩玩 ， 活 好 是 重点,1,0.21758423745632172,
56687614680,猪是会射。。。,猪 是 会 射 。 。 。,1,0.7865377068519592,
56639827306,斗鱼看东北大鹌鹑，无聊了就文明观球，全民有空还是听小智吹牛逼，还看虎牙的黑店白地，就这么两三个固定的，剩下就是看球了,斗鱼 看 东北 大 鹌鹑 ， 无聊 了 就 文明 观 球 ， 全民 有空 还 是 听 小 智吹牛逼 ， 还 看 虎牙 的 黑店 白地 ， 就 这么 两三个 固定 的 ， 剩下 就是 看球 了,1,0.9679580330848694,
56691336032,妈的逼！又忽悠我们种玉米，等要收时，再一下掉下来！农民该死！,妈 的 逼 ！ 又 忽悠 我们 种 玉米 ， 等 要 收 时 ， 再 一下 掉下来 ！ 农民 该死 ！,1,0.9910420179367065,
56649174479,摩擦，摩擦，摩擦，凹凸曼屁股擦出火花,摩擦 ， 摩擦 ， 摩擦 ， 凹凸曼 屁股 擦出 火花,1,0.11575190722942352,
56643385298,印尼大屠杀没杀光？别鸡巴华人.华人.他们都是外国人。,印尼 大屠杀 没 杀光 ？ 别 鸡巴 华人 . 华人 . 他们 都 是 外国人 。,1,1.0,
56632481738,瞎鸡巴扯淡,瞎 鸡巴 扯淡,1,1.0,
56690259242,干它狗日的台独,干 它 狗日的 台独,1,0.9998493194580078,
56682777936,不结婚不代表逼闲着,不 结婚 不 代表 逼 闲着,1,0.9996384382247925,
56707914784,那英瓜婆娘功夫深给老子又吹又舔,那英 瓜 婆娘 功夫 深 给 老子 又 吹 又 舔,1,0.5639063715934753,
56648770353,这个她妈唱的真几把难听,这个 她 妈 唱 的 真 几把 难听,1,0.9999737739562988,
56672463641,哇！第一个少妇 好美！,哇 ！ 第一个 少妇 好美 ！,1,0.5223451852798462,
56713388149,"把图4看成屁股的来举个手，
我统计一下人数。","把 图 4 看成 屁股 的 来 举 个手 ， 
 我 统计 一下 人数 。",1,0.11895619332790375,
56663923828,我老婆说吃了呷不消。高潮一潮又一潮。结果第二天旷工。劝女性朋友别吃。,我 老婆 说 吃 了 呷 不消 。 高潮 一 潮 又 一 潮 。 结果 第二天 旷工 。 劝 女性 朋友 别 吃 。,1,0.5316463708877563,
56645698905,只有累死的牛，没有耕坏的田,只有 累死 的 牛 ， 没有 耕坏 的 田,1,0.997921884059906,
56625499405,刘杨的胸挺大,刘杨 的 胸 挺 大,1,1.0,
56643705342,妈了逼，好好的男人，非要做丑，你怎么不装个鸡呢？丢你仙人！！！,妈 了 逼 ， 好好 的 男人 ， 非要 做 丑 ， 你 怎么 不 装 个 鸡 呢 ？ 丢 你 仙人 ！ ！ ！,1,0.9992716908454895,
56640560658,草拟大爷的！她泡浴缸那段呢？！,草拟 大爷 的 ！ 她 泡 浴缸 那段 呢 ？ ！,1,0.9761608242988586,
56700003227,胖胖还能石更吗？,胖胖 还 能 石 更 吗 ？,1,0.8236048221588135,
56652194952,文明观球，从你我做起,文明 观 球 ， 从 你我 做起,1,0.9435372948646545,
56629617340,他妈的B，天天都有偷油的，怎么没见炸死几个偷油贼,他妈的 B ， 天天 都 有 偷油 的 ， 怎么 没 见 炸死 几个 偷油贼,1,0.9985621571540833,
56655288929,河南有些好人，挺好的，我们都佩服，也有少数狗日的坏的很。,河南 有些 好人 ， 挺好 的 ， 我们 都 佩服 ， 也 有 少数 狗日的 坏 的 很 。,1,0.9996904134750366,
56655840289,吊大的告诉我下为什么救个人要出动3台消防车,吊 大 的 告诉 我 下 为什么 救 个人 要 出动 3 台 消防车,1,0.8349587321281433,
56647112930,女人胸大没脑、,女人 胸 大 没 脑 、,1,1.0,
56688528875,麻批好痒啊！谁搞都可以,麻 批 好 痒 啊 ！ 谁 搞 都 可以,1,0.9993122816085815,
56640872388,这些人，除了床上功夫了得。别的一概不会。,这些 人 ， 除了 床上 功夫 了得 。 别的 一概 不会 。,1,0.9999696016311646,
56646966209,"确认程序我以为要啪啪啪呢╮(￣▽￣"""")╭","确认 程序 我 以为 要 啪啪啪 呢╮ ( ￣ ▽￣ "" "" ) ╭",1,0.4902351498603821,
56629233838,我已经入了坑了，回不了头了，哈哈哈哈哈哈，哦，对了，我去撸一管子，释放一下压力,我 已经 入 了 坑 了 ， 回 不了 头 了 ， 哈哈哈 哈哈哈 ， 哦 ， 对 了 ， 我 去 撸 一 管子 ， 释放 一下 压力,1,0.886599600315094,
56671649305,这个能吃！ 这个也能吃！ 这个壮阳  这个补肾,这个 能 吃 ！   这个 也 能 吃 ！   这个 壮阳   这个 补肾,1,0.04273613914847374,
56639963353,刘强东，这个逼让你装的稀碎！,刘强东 ， 这个 逼 让 你 装 的 稀碎 ！,1,0.9986957907676697,
56653494508,麻痹的，别的跑锋是躲人，这货是主动找人,麻痹 的 ， 别的 跑锋 是 躲 人 ， 这 货 是 主动 找人,1,0.9978083968162537,
56640121026,在农村婚前性行为，就是破鞋，,在 农村 婚前性行为 ， 就是 破鞋 ，,1,0.9992374181747437,
56712171452,马勒戈壁。自从生了隔壁老王的宝宝，京东婊子越来越开心了。马勒戈壁。,马勒 戈壁 。 自从 生 了 隔壁 老王 的 宝宝 ， 京东 婊子 越来越 开心 了 。 马勒 戈壁 。,1,1.0,
56695683660,白虎和毒皇,白虎 和 毒皇,1,0.25429409742355347,
56651673558,胸太小了,胸 太 小 了,1,1.0,
56688746794,没有农民工你可要吃屎了。像你那么没有教养的，连去做鸡婆你都没人要。全世界最贱的人就是你老鸡婆去死吧。你妈的狗日的,没有 农民工 你 可要 吃 屎 了 。 像 你 那么 没有 教养 的 ， 连 去 做 鸡婆 你 都 没 人 要 。 全世界 最 贱 的 人 就是 你老 鸡婆 去死吧 。 你 妈 的 狗日的,1,0.9987899661064148,
56676671521,"所以的男人躺在手术台上,.女护士鲜花一样你也硬不起来这就是事实","所以 的 男人 躺 在 手术台 上 , . 女 护士 鲜花 一样 你 也 硬 不 起来 这 就是 事实",1,0.4567168951034546,
56674781892,天天发言表示不满，管个吊用，实际行动一点没有，怂种一个。,天天 发言 表示 不满 ， 管 个 吊 用 ， 实际 行动 一点 没有 ， 怂种 一个 。,1,0.9964060187339783,
56684459337,没有钱了又可以去买逼,没有钱 了 又 可以 去 买 逼,1,0.999473512172699,
56697213463,不撸跳舞要电刀不撸跳舞,不 撸 跳舞 要 电刀不撸 跳舞,1,0.22535984218120575,
56642241420,麻痹，有些一生就不是人，说人家有脑瘤！,麻痹 ， 有些 一生 就 不是 人 ， 说 人 家 有 脑瘤 ！,1,0.9957014918327332,
56642918091,这娘们也就1.5米多点,这 娘们 也 就 1.5 米多 点,1,0.999815046787262,
56690301885,麻痹敢玷污蒋公就该全部绞杀示众,麻痹 敢 玷污 蒋公 就 该 全部 绞杀 示众,1,0.9578524231910706,
56700240256,不要臉到家了！我操他大爺，真看不過眼！,不要 臉 到家 了 ！ 我 操 他 大爺 ， 真 看 不過 眼 ！,1,0.9873161315917969,
56633957942,辽宁队也是的你就花点钱呗，那怕给那个阉割的买个安全套没事让它吹吹，也不至于吹成这样，,辽宁队 也是 的 你 就 花点 钱 呗 ， 那怕 给 那个 阉割 的 买 个 安全套 没事 让 它 吹吹 ， 也 不至于 吹成 这样 ，,1,0.20581838488578796,
56682810360,小学狗倒是屌，很皮,小学 狗 倒是 屌 ， 很 皮,1,0.4559670388698578,
56630942622,范公交,范 公交,1,0.998006284236908,
56626895738,对你的老公好点，把下面照顾好留给你最后一任伴侣！,对 你 的 老公 好 点 ， 把 下面 照顾 好 留 给你 最后 一任 伴侣 ！,1,0.08323539793491364,
56671772875,打它个狗日的,打 它 个 狗日的,1,0.9999991655349731,
56638463915,不要说这么多，打！打他狗日的！简单点，打他！美国帮忙？那就一齐弄！,不要 说 这么 多 ， 打 ！ 打 他 狗日的 ！ 简单 点 ， 打 他 ！ 美国 帮忙 ？ 那 就 一齐 弄 ！,1,0.9998931884765625,
56646503459,胸大的关系吧？,胸 大 的 关系 吧 ？,1,1.0,
56710447879,一天到晚跑你麻痹啊，堵死人,一天到晚 跑 你 麻痹 啊 ， 堵死 人,1,0.9962789416313171,
56693172513,我有一辆老国防，是我老岳留下的！一个另件也没动。有感性趣的吗😊,我 有 一 辆 老 国防 ， 是 我 老岳 留下 的 ！ 一个 另件 也 没动 。 有感 性趣 的 吗😊,1,0.7625967860221863,
56629039985,骚货,骚货,1,0.9999707937240601,
56659761678,这木驴好   哈哈哈,这 木驴 好     哈哈哈,1,0.761907696723938,
56665888616,狗日的政府,狗日的 政府,1,0.3690348267555237,
56628920903,观察了一个小时，那个健身教练居然没射？！,观察 了 一个 小时 ， 那个 健身 教练 居然 没 射 ？ ！,1,0.334382563829422,
56689149935,一天蒋干遇到曹操打招呼说操你好吗？曹操赶紧回礼干你全家好吗？,一天 蒋干 遇到 曹操 打招呼 说 操 你好吗 ？ 曹操 赶紧 回礼 干 你 全家 好 吗 ？,1,0.7359861731529236,
56638750772,日妈你没吃饭吗,日 妈 你 没 吃饭 吗,1,0.5898593664169312,
